/disks/d14/2011/MOD13Q1.A2011001.h09v07.005.2011023231735.hdf,43200,47999,33600,38399,11001,001,2011
/disks/d14/2011/MOD13Q1.A2011001.h09v08.005.2011025005133.hdf,43200,47999,38400,43199,11001,001,2011
/disks/d14/2011/MOD13Q1.A2011001.h09v09.005.2011025071437.hdf,43200,47999,43200,47999,11001,001,2011
/disks/d14/2011/MOD13Q1.A2011001.h10v07.005.2011025081721.hdf,48000,52799,33600,38399,11001,001,2011
/disks/d14/2011/MOD13Q1.A2011001.h10v08.005.2011024113659.hdf,48000,52799,38400,43199,11001,001,2011
/disks/d14/2011/MOD13Q1.A2011001.h10v09.005.2011023215555.hdf,48000,52799,43200,47999,11001,001,2011
/disks/d14/2011/MOD13Q1.A2011001.h10v10.005.2011025082728.hdf,48000,52799,48000,52799,11001,001,2011
/disks/d14/2011/MOD13Q1.A2011001.h10v11.005.2011024063413.hdf,48000,52799,52800,57599,11001,001,2011
/disks/d14/2011/MOD13Q1.A2011001.h11v07.005.2011024110017.hdf,52800,57599,33600,38399,11001,001,2011
/disks/d14/2011/MOD13Q1.A2011001.h11v08.005.2011024023041.hdf,52800,57599,38400,43199,11001,001,2011
/disks/d14/2011/MOD13Q1.A2011001.h11v09.005.2011024134712.hdf,52800,57599,43200,47999,11001,001,2011
/disks/d14/2011/MOD13Q1.A2011001.h11v10.005.2011025011319.hdf,52800,57599,48000,52799,11001,001,2011
/disks/d14/2011/MOD13Q1.A2011001.h11v11.005.2011024055340.hdf,52800,57599,52800,57599,11001,001,2011
/disks/d14/2011/MOD13Q1.A2011001.h11v12.005.2011024012107.hdf,52800,57599,57600,62399,11001,001,2011
/disks/d14/2011/MOD13Q1.A2011001.h12v07.005.2011024191306.hdf,57600,62399,33600,38399,11001,001,2011
/disks/d14/2011/MOD13Q1.A2011001.h12v08.005.2011023235304.hdf,57600,62399,38400,43199,11001,001,2011
/disks/d14/2011/MOD13Q1.A2011001.h12v09.005.2011023214735.hdf,57600,62399,43200,47999,11001,001,2011
/disks/d14/2011/MOD13Q1.A2011001.h12v10.005.2011024051755.hdf,57600,62399,48000,52799,11001,001,2011
/disks/d14/2011/MOD13Q1.A2011001.h12v11.005.2011025173507.hdf,57600,62399,52800,57599,11001,001,2011
/disks/d14/2011/MOD13Q1.A2011001.h12v12.005.2011023194649.hdf,57600,62399,57600,62399,11001,001,2011
/disks/d14/2011/MOD13Q1.A2011001.h12v13.005.2011024071326.hdf,57600,62399,62400,67199,11001,001,2011
/disks/d14/2011/MOD13Q1.A2011001.h13v08.005.2011024091330.hdf,62400,67199,38400,43199,11001,001,2011
/disks/d14/2011/MOD13Q1.A2011001.h13v09.005.2011025050303.hdf,62400,67199,43200,47999,11001,001,2011
/disks/d14/2011/MOD13Q1.A2011001.h13v10.005.2011025115757.hdf,62400,67199,48000,52799,11001,001,2011
/disks/d14/2011/MOD13Q1.A2011001.h13v11.005.2011025025807.hdf,62400,67199,52800,57599,11001,001,2011
/disks/d14/2011/MOD13Q1.A2011001.h13v12.005.2011024120909.hdf,62400,67199,57600,62399,11001,001,2011
/disks/d14/2011/MOD13Q1.A2011001.h13v13.005.2011023221919.hdf,62400,67199,62400,67199,11001,001,2011
/disks/d14/2011/MOD13Q1.A2011001.h13v14.005.2011024224727.hdf,62400,67199,67200,71999,11001,001,2011
/disks/d14/2011/MOD13Q1.A2011001.h14v09.005.2011023234835.hdf,67200,71999,43200,47999,11001,001,2011
/disks/d14/2011/MOD13Q1.A2011001.h14v10.005.2011025033944.hdf,67200,71999,48000,52799,11001,001,2011
/disks/d14/2011/MOD13Q1.A2011001.h14v11.005.2011024223745.hdf,67200,71999,52800,57599,11001,001,2011
/disks/d14/2011/MOD13Q1.A2011017.h09v07.005.2011039043504.hdf,43200,47999,33600,38399,11017,017,2011
/disks/d14/2011/MOD13Q1.A2011017.h09v08.005.2011040160352.hdf,43200,47999,38400,43199,11017,017,2011
/disks/d14/2011/MOD13Q1.A2011017.h09v09.005.2011041070400.hdf,43200,47999,43200,47999,11017,017,2011
/disks/d14/2011/MOD13Q1.A2011017.h10v07.005.2011041043636.hdf,48000,52799,33600,38399,11017,017,2011
/disks/d14/2011/MOD13Q1.A2011017.h10v08.005.2011040025750.hdf,48000,52799,38400,43199,11017,017,2011
/disks/d14/2011/MOD13Q1.A2011017.h10v09.005.2011038224847.hdf,48000,52799,43200,47999,11017,017,2011
/disks/d14/2011/MOD13Q1.A2011017.h10v10.005.2011041040028.hdf,48000,52799,48000,52799,11017,017,2011
/disks/d14/2011/MOD13Q1.A2011017.h10v11.005.2011039211603.hdf,48000,52799,52800,57599,11017,017,2011
/disks/d14/2011/MOD13Q1.A2011017.h11v07.005.2011040023534.hdf,52800,57599,33600,38399,11017,017,2011
/disks/d14/2011/MOD13Q1.A2011017.h11v08.005.2011039125214.hdf,52800,57599,38400,43199,11017,017,2011
/disks/d14/2011/MOD13Q1.A2011017.h11v09.005.2011040060536.hdf,52800,57599,43200,47999,11017,017,2011
/disks/d14/2011/MOD13Q1.A2011017.h11v10.005.2011040185854.hdf,52800,57599,48000,52799,11017,017,2011
/disks/d14/2011/MOD13Q1.A2011017.h11v11.005.2011039201212.hdf,52800,57599,52800,57599,11017,017,2011
/disks/d14/2011/MOD13Q1.A2011017.h11v12.005.2011039032622.hdf,52800,57599,57600,62399,11017,017,2011
/disks/d14/2011/MOD13Q1.A2011017.h12v07.005.2011040090323.hdf,57600,62399,33600,38399,11017,017,2011
/disks/d14/2011/MOD13Q1.A2011017.h12v08.005.2011039004614.hdf,57600,62399,38400,43199,11017,017,2011
/disks/d14/2011/MOD13Q1.A2011017.h12v09.005.2011038133031.hdf,57600,62399,43200,47999,11017,017,2011
/disks/d14/2011/MOD13Q1.A2011017.h12v10.005.2011039192425.hdf,57600,62399,48000,52799,11017,017,2011
/disks/d14/2011/MOD13Q1.A2011017.h12v11.005.2011041135819.hdf,57600,62399,52800,57599,11017,017,2011
/disks/d14/2011/MOD13Q1.A2011017.h12v12.005.2011038123331.hdf,57600,62399,57600,62399,11017,017,2011
/disks/d14/2011/MOD13Q1.A2011017.h12v13.005.2011039192958.hdf,57600,62399,62400,67199,11017,017,2011
/disks/d14/2011/MOD13Q1.A2011017.h13v08.005.2011040004454.hdf,62400,67199,38400,43199,11017,017,2011
/disks/d14/2011/MOD13Q1.A2011017.h13v09.005.2011041050239.hdf,62400,67199,43200,47999,11017,017,2011
/disks/d14/2011/MOD13Q1.A2011017.h13v10.005.2011041104947.hdf,62400,67199,48000,52799,11017,017,2011
/disks/d14/2011/MOD13Q1.A2011017.h13v11.005.2011040212448.hdf,62400,67199,52800,57599,11017,017,2011
/disks/d14/2011/MOD13Q1.A2011017.h13v12.005.2011040020515.hdf,62400,67199,57600,62399,11017,017,2011
/disks/d14/2011/MOD13Q1.A2011017.h13v13.005.2011038221020.hdf,62400,67199,62400,67199,11017,017,2011
/disks/d14/2011/MOD13Q1.A2011017.h13v14.005.2011040132311.hdf,62400,67199,67200,71999,11017,017,2011
/disks/d14/2011/MOD13Q1.A2011017.h14v09.005.2011039001341.hdf,67200,71999,43200,47999,11017,017,2011
/disks/d14/2011/MOD13Q1.A2011017.h14v10.005.2011040233549.hdf,67200,71999,48000,52799,11017,017,2011
/disks/d14/2011/MOD13Q1.A2011017.h14v11.005.2011040133553.hdf,67200,71999,52800,57599,11017,017,2011
/disks/d14/2011/MOD13Q1.A2011033.h09v07.005.2011056185924.hdf,43200,47999,33600,38399,11033,033,2011
/disks/d14/2011/MOD13Q1.A2011033.h09v08.005.2011059001726.hdf,43200,47999,38400,43199,11033,033,2011
/disks/d14/2011/MOD13Q1.A2011033.h09v09.005.2011059103751.hdf,43200,47999,43200,47999,11033,033,2011
/disks/d14/2011/MOD13Q1.A2011033.h10v07.005.2011059120912.hdf,48000,52799,33600,38399,11033,033,2011
/disks/d14/2011/MOD13Q1.A2011033.h10v08.005.2011058084542.hdf,48000,52799,38400,43199,11033,033,2011
/disks/d14/2011/MOD13Q1.A2011033.h10v09.005.2011056165125.hdf,48000,52799,43200,47999,11033,033,2011
/disks/d14/2011/MOD13Q1.A2011033.h10v10.005.2011059105714.hdf,48000,52799,48000,52799,11033,033,2011
/disks/d14/2011/MOD13Q1.A2011033.h10v11.005.2011058052643.hdf,48000,52799,52800,57599,11033,033,2011
/disks/d14/2011/MOD13Q1.A2011033.h11v07.005.2011058084441.hdf,52800,57599,33600,38399,11033,033,2011
/disks/d14/2011/MOD13Q1.A2011033.h11v08.005.2011057194104.hdf,52800,57599,38400,43199,11033,033,2011
/disks/d14/2011/MOD13Q1.A2011033.h11v09.005.2011058130544.hdf,52800,57599,43200,47999,11033,033,2011
/disks/d14/2011/MOD13Q1.A2011033.h11v10.005.2011059030535.hdf,52800,57599,48000,52799,11033,033,2011
/disks/d14/2011/MOD13Q1.A2011033.h11v11.005.2011058050045.hdf,52800,57599,52800,57599,11033,033,2011
/disks/d14/2011/MOD13Q1.A2011033.h11v12.005.2011060014953.hdf,52800,57599,57600,62399,11033,033,2011
/disks/d14/2011/MOD13Q1.A2011033.h12v07.005.2011058194115.hdf,57600,62399,33600,38399,11033,033,2011
/disks/d14/2011/MOD13Q1.A2011033.h12v08.005.2011059235019.hdf,57600,62399,38400,43199,11033,033,2011
/disks/d14/2011/MOD13Q1.A2011033.h12v09.005.2011056160328.hdf,57600,62399,43200,47999,11033,033,2011
/disks/d14/2011/MOD13Q1.A2011033.h12v10.005.2011058050912.hdf,57600,62399,48000,52799,11033,033,2011
/disks/d14/2011/MOD13Q1.A2011033.h12v11.005.2011059230408.hdf,57600,62399,52800,57599,11033,033,2011
/disks/d14/2011/MOD13Q1.A2011033.h12v12.005.2011056122300.hdf,57600,62399,57600,62399,11033,033,2011
/disks/d14/2011/MOD13Q1.A2011033.h12v13.005.2011058025121.hdf,57600,62399,62400,67199,11033,033,2011
/disks/d14/2011/MOD13Q1.A2011033.h13v08.005.2011058074437.hdf,62400,67199,38400,43199,11033,033,2011
/disks/d14/2011/MOD13Q1.A2011033.h13v09.005.2011059080205.hdf,62400,67199,43200,47999,11033,033,2011
/disks/d14/2011/MOD13Q1.A2011033.h13v10.005.2011059185159.hdf,62400,67199,48000,52799,11033,033,2011
/disks/d14/2011/MOD13Q1.A2011033.h13v11.005.2011059042146.hdf,62400,67199,52800,57599,11033,033,2011
/disks/d14/2011/MOD13Q1.A2011033.h13v12.005.2011058173302.hdf,62400,67199,57600,62399,11033,033,2011
/disks/d14/2011/MOD13Q1.A2011033.h13v13.005.2011056180047.hdf,62400,67199,62400,67199,11033,033,2011
/disks/d14/2011/MOD13Q1.A2011033.h13v14.005.2011058222723.hdf,62400,67199,67200,71999,11033,033,2011
/disks/d14/2011/MOD13Q1.A2011033.h14v09.005.2011056200826.hdf,67200,71999,43200,47999,11033,033,2011
/disks/d14/2011/MOD13Q1.A2011033.h14v10.005.2011059060053.hdf,67200,71999,48000,52799,11033,033,2011
/disks/d14/2011/MOD13Q1.A2011033.h14v11.005.2011058214456.hdf,67200,71999,52800,57599,11033,033,2011
/disks/d14/2011/MOD13Q1.A2011049.h09v07.005.2011073211315.hdf,43200,47999,33600,38399,11049,049,2011
/disks/d14/2011/MOD13Q1.A2011049.h09v08.005.2011075114712.hdf,43200,47999,38400,43199,11049,049,2011
/disks/d14/2011/MOD13Q1.A2011049.h09v09.005.2011075232308.hdf,43200,47999,43200,47999,11049,049,2011
/disks/d14/2011/MOD13Q1.A2011049.h10v07.005.2011076001052.hdf,48000,52799,33600,38399,11049,049,2011
/disks/d14/2011/MOD13Q1.A2011049.h10v08.005.2011074222142.hdf,48000,52799,38400,43199,11049,049,2011
/disks/d14/2011/MOD13Q1.A2011049.h10v09.005.2011073183917.hdf,48000,52799,43200,47999,11049,049,2011
/disks/d14/2011/MOD13Q1.A2011049.h10v10.005.2011076001029.hdf,48000,52799,48000,52799,11049,049,2011
/disks/d14/2011/MOD13Q1.A2011049.h10v11.005.2011074171149.hdf,48000,52799,52800,57599,11049,049,2011
/disks/d14/2011/MOD13Q1.A2011049.h11v07.005.2011074215026.hdf,52800,57599,33600,38399,11049,049,2011
/disks/d14/2011/MOD13Q1.A2011049.h11v08.005.2011074013947.hdf,52800,57599,38400,43199,11049,049,2011
/disks/d14/2011/MOD13Q1.A2011049.h11v09.005.2011075022341.hdf,52800,57599,43200,47999,11049,049,2011
/disks/d14/2011/MOD13Q1.A2011049.h11v10.005.2011075131158.hdf,52800,57599,48000,52799,11049,049,2011
/disks/d14/2011/MOD13Q1.A2011049.h11v11.005.2011074164527.hdf,52800,57599,52800,57599,11049,049,2011
/disks/d14/2011/MOD13Q1.A2011049.h11v12.005.2011074001713.hdf,52800,57599,57600,62399,11049,049,2011
/disks/d14/2011/MOD13Q1.A2011049.h12v07.005.2011075045855.hdf,57600,62399,33600,38399,11049,049,2011
/disks/d14/2011/MOD13Q1.A2011049.h12v08.005.2011073220036.hdf,57600,62399,38400,43199,11049,049,2011
/disks/d14/2011/MOD13Q1.A2011049.h12v09.005.2011073170945.hdf,57600,62399,43200,47999,11049,049,2011
/disks/d14/2011/MOD13Q1.A2011049.h12v10.005.2011074140720.hdf,57600,62399,48000,52799,11049,049,2011
/disks/d14/2011/MOD13Q1.A2011049.h12v11.005.2011076051928.hdf,57600,62399,52800,57599,11049,049,2011
/disks/d14/2011/MOD13Q1.A2011049.h12v12.005.2011073142108.hdf,57600,62399,57600,62399,11049,049,2011
/disks/d14/2011/MOD13Q1.A2011049.h12v13.005.2011074192110.hdf,57600,62399,62400,67199,11049,049,2011
/disks/d14/2011/MOD13Q1.A2011049.h13v08.005.2011074203819.hdf,62400,67199,38400,43199,11049,049,2011
/disks/d14/2011/MOD13Q1.A2011049.h13v09.005.2011075195049.hdf,62400,67199,43200,47999,11049,049,2011
/disks/d14/2011/MOD13Q1.A2011049.h13v10.005.2011076034552.hdf,62400,67199,48000,52799,11049,049,2011
/disks/d14/2011/MOD13Q1.A2011049.h13v11.005.2011075173016.hdf,62400,67199,52800,57599,11049,049,2011
/disks/d14/2011/MOD13Q1.A2011049.h13v12.005.2011075025548.hdf,62400,67199,57600,62399,11049,049,2011
/disks/d14/2011/MOD13Q1.A2011049.h13v13.005.2011073200412.hdf,62400,67199,62400,67199,11049,049,2011
/disks/d14/2011/MOD13Q1.A2011049.h13v14.005.2011075100428.hdf,62400,67199,67200,71999,11049,049,2011
/disks/d14/2011/MOD13Q1.A2011049.h14v09.005.2011073210148.hdf,67200,71999,43200,47999,11049,049,2011
/disks/d14/2011/MOD13Q1.A2011049.h14v10.005.2011075192314.hdf,67200,71999,48000,52799,11049,049,2011
/disks/d14/2011/MOD13Q1.A2011049.h14v11.005.2011075085710.hdf,67200,71999,52800,57599,11049,049,2011
/disks/d14/2011/MOD13Q1.A2011065.h09v07.005.2011083060604.hdf,43200,47999,33600,38399,11065,065,2011
/disks/d14/2011/MOD13Q1.A2011065.h09v08.005.2011084122228.hdf,43200,47999,38400,43199,11065,065,2011
/disks/d14/2011/MOD13Q1.A2011065.h09v09.005.2011085005057.hdf,43200,47999,43200,47999,11065,065,2011
/disks/d14/2011/MOD13Q1.A2011065.h10v07.005.2011085015210.hdf,48000,52799,33600,38399,11065,065,2011
/disks/d14/2011/MOD13Q1.A2011065.h10v08.005.2011084060546.hdf,48000,52799,38400,43199,11065,065,2011
/disks/d14/2011/MOD13Q1.A2011065.h10v09.005.2011083033402.hdf,48000,52799,43200,47999,11065,065,2011
/disks/d14/2011/MOD13Q1.A2011065.h10v10.005.2011085011654.hdf,48000,52799,48000,52799,11065,065,2011
/disks/d14/2011/MOD13Q1.A2011065.h10v11.005.2011083223557.hdf,48000,52799,52800,57599,11065,065,2011
/disks/d14/2011/MOD13Q1.A2011065.h11v07.005.2011084055534.hdf,52800,57599,33600,38399,11065,065,2011
/disks/d14/2011/MOD13Q1.A2011065.h11v08.005.2011083150638.hdf,52800,57599,38400,43199,11065,065,2011
/disks/d14/2011/MOD13Q1.A2011065.h11v09.005.2011084071627.hdf,52800,57599,43200,47999,11065,065,2011
/disks/d14/2011/MOD13Q1.A2011065.h11v10.005.2011084154226.hdf,52800,57599,48000,52799,11065,065,2011
/disks/d14/2011/MOD13Q1.A2011065.h11v11.005.2011084025027.hdf,52800,57599,52800,57599,11065,065,2011
/disks/d14/2011/MOD13Q1.A2011065.h11v12.005.2011083080531.hdf,52800,57599,57600,62399,11065,065,2011
/disks/d14/2011/MOD13Q1.A2011065.h12v07.005.2011084082214.hdf,57600,62399,33600,38399,11065,065,2011
/disks/d14/2011/MOD13Q1.A2011065.h12v08.005.2011083064502.hdf,57600,62399,38400,43199,11065,065,2011
/disks/d14/2011/MOD13Q1.A2011065.h12v09.005.2011083021700.hdf,57600,62399,43200,47999,11065,065,2011
/disks/d14/2011/MOD13Q1.A2011065.h12v10.005.2011084032308.hdf,57600,62399,48000,52799,11065,065,2011
/disks/d14/2011/MOD13Q1.A2011065.h12v11.005.2011087173429.hdf,57600,62399,52800,57599,11065,065,2011
/disks/d14/2011/MOD13Q1.A2011065.h12v12.005.2011082193828.hdf,57600,62399,57600,62399,11065,065,2011
/disks/d14/2011/MOD13Q1.A2011065.h12v13.005.2011083191022.hdf,57600,62399,62400,67199,11065,065,2011
/disks/d14/2011/MOD13Q1.A2011065.h13v08.005.2011084042031.hdf,62400,67199,38400,43199,11065,065,2011
/disks/d14/2011/MOD13Q1.A2011065.h13v09.005.2011084215734.hdf,62400,67199,43200,47999,11065,065,2011
/disks/d14/2011/MOD13Q1.A2011065.h13v10.005.2011087150521.hdf,62400,67199,48000,52799,11065,065,2011
/disks/d14/2011/MOD13Q1.A2011065.h13v11.005.2011084184137.hdf,62400,67199,52800,57599,11065,065,2011
/disks/d14/2011/MOD13Q1.A2011065.h13v12.005.2011084054401.hdf,62400,67199,57600,62399,11065,065,2011
/disks/d14/2011/MOD13Q1.A2011065.h13v13.005.2011083041756.hdf,62400,67199,62400,67199,11065,065,2011
/disks/d14/2011/MOD13Q1.A2011065.h13v14.005.2011084103123.hdf,62400,67199,67200,71999,11065,065,2011
/disks/d14/2011/MOD13Q1.A2011065.h14v09.005.2011083054352.hdf,67200,71999,43200,47999,11065,065,2011
/disks/d14/2011/MOD13Q1.A2011065.h14v10.005.2011084210237.hdf,67200,71999,48000,52799,11065,065,2011
/disks/d14/2011/MOD13Q1.A2011065.h14v11.005.2011084102957.hdf,67200,71999,52800,57599,11065,065,2011
/disks/d14/2011/MOD13Q1.A2011081.h09v07.005.2011103041635.hdf,43200,47999,33600,38399,11081,081,2011
/disks/d14/2011/MOD13Q1.A2011081.h09v08.005.2011105012826.hdf,43200,47999,38400,43199,11081,081,2011
/disks/d14/2011/MOD13Q1.A2011081.h09v09.005.2011105090231.hdf,43200,47999,43200,47999,11081,081,2011
/disks/d14/2011/MOD13Q1.A2011081.h10v07.005.2011105103113.hdf,48000,52799,33600,38399,11081,081,2011
/disks/d14/2011/MOD13Q1.A2011081.h10v08.005.2011104114057.hdf,48000,52799,38400,43199,11081,081,2011
/disks/d14/2011/MOD13Q1.A2011081.h10v09.005.2011103002435.hdf,48000,52799,43200,47999,11081,081,2011
/disks/d14/2011/MOD13Q1.A2011081.h10v10.005.2011105095143.hdf,48000,52799,48000,52799,11081,081,2011
/disks/d14/2011/MOD13Q1.A2011081.h10v11.005.2011103233310.hdf,48000,52799,52800,57599,11081,081,2011
/disks/d14/2011/MOD13Q1.A2011081.h11v07.005.2011104091756.hdf,52800,57599,33600,38399,11081,081,2011
/disks/d14/2011/MOD13Q1.A2011081.h11v08.005.2011103093212.hdf,52800,57599,38400,43199,11081,081,2011
/disks/d14/2011/MOD13Q1.A2011081.h11v09.005.2011104132954.hdf,52800,57599,43200,47999,11081,081,2011
/disks/d14/2011/MOD13Q1.A2011081.h11v10.005.2011105030009.hdf,52800,57599,48000,52799,11081,081,2011
/disks/d14/2011/MOD13Q1.A2011081.h11v11.005.2011104032719.hdf,52800,57599,52800,57599,11081,081,2011
/disks/d14/2011/MOD13Q1.A2011081.h11v12.005.2011103074753.hdf,52800,57599,57600,62399,11081,081,2011
/disks/d14/2011/MOD13Q1.A2011081.h12v07.005.2011104165406.hdf,57600,62399,33600,38399,11081,081,2011
/disks/d14/2011/MOD13Q1.A2011081.h12v08.005.2011103051215.hdf,57600,62399,38400,43199,11081,081,2011
/disks/d14/2011/MOD13Q1.A2011081.h12v09.005.2011102215522.hdf,57600,62399,43200,47999,11081,081,2011
/disks/d14/2011/MOD13Q1.A2011081.h12v10.005.2011103225141.hdf,57600,62399,48000,52799,11081,081,2011
/disks/d14/2011/MOD13Q1.A2011081.h12v11.005.2011105231420.hdf,57600,62399,52800,57599,11081,081,2011
/disks/d14/2011/MOD13Q1.A2011081.h12v12.005.2011102201201.hdf,57600,62399,57600,62399,11081,081,2011
/disks/d14/2011/MOD13Q1.A2011081.h12v13.005.2011103215546.hdf,57600,62399,62400,67199,11081,081,2011
/disks/d14/2011/MOD13Q1.A2011081.h13v08.005.2011104045654.hdf,62400,67199,38400,43199,11081,081,2011
/disks/d14/2011/MOD13Q1.A2011081.h13v09.005.2011105071122.hdf,62400,67199,43200,47999,11081,081,2011
/disks/d14/2011/MOD13Q1.A2011081.h13v10.005.2011105214816.hdf,62400,67199,48000,52799,11081,081,2011
/disks/d14/2011/MOD13Q1.A2011081.h13v11.005.2011105044447.hdf,62400,67199,52800,57599,11081,081,2011
/disks/d14/2011/MOD13Q1.A2011081.h13v12.005.2011104135242.hdf,62400,67199,57600,62399,11081,081,2011
/disks/d14/2011/MOD13Q1.A2011081.h13v13.005.2011103022217.hdf,62400,67199,62400,67199,11081,081,2011
/disks/d14/2011/MOD13Q1.A2011081.h13v14.005.2011104222514.hdf,62400,67199,67200,71999,11081,081,2011
/disks/d14/2011/MOD13Q1.A2011081.h14v09.005.2011103044544.hdf,67200,71999,43200,47999,11081,081,2011
/disks/d14/2011/MOD13Q1.A2011081.h14v10.005.2011106003953.hdf,67200,71999,48000,52799,11081,081,2011
/disks/d14/2011/MOD13Q1.A2011081.h14v11.005.2011104213913.hdf,67200,71999,52800,57599,11081,081,2011
/disks/d14/2011/MOD13Q1.A2011097.h09v07.005.2011116185043.hdf,43200,47999,33600,38399,11097,097,2011
/disks/d14/2011/MOD13Q1.A2011097.h09v08.005.2011118062945.hdf,43200,47999,38400,43199,11097,097,2011
/disks/d14/2011/MOD13Q1.A2011097.h09v09.005.2011118211249.hdf,43200,47999,43200,47999,11097,097,2011
/disks/d14/2011/MOD13Q1.A2011097.h10v07.005.2011118225346.hdf,48000,52799,33600,38399,11097,097,2011
/disks/d14/2011/MOD13Q1.A2011097.h10v08.005.2011117182832.hdf,48000,52799,38400,43199,11097,097,2011
/disks/d14/2011/MOD13Q1.A2011097.h10v09.005.2011116152730.hdf,48000,52799,43200,47999,11097,097,2011
/disks/d14/2011/MOD13Q1.A2011097.h10v10.005.2011118222626.hdf,48000,52799,48000,52799,11097,097,2011
/disks/d14/2011/MOD13Q1.A2011097.h10v11.005.2011117082912.hdf,48000,52799,52800,57599,11097,097,2011
/disks/d14/2011/MOD13Q1.A2011097.h11v07.005.2011117172833.hdf,52800,57599,33600,38399,11097,097,2011
/disks/d14/2011/MOD13Q1.A2011097.h11v08.005.2011117003849.hdf,52800,57599,38400,43199,11097,097,2011
/disks/d14/2011/MOD13Q1.A2011097.h11v09.005.2011117204748.hdf,52800,57599,43200,47999,11097,097,2011
/disks/d14/2011/MOD13Q1.A2011097.h11v10.005.2011118094239.hdf,52800,57599,48000,52799,11097,097,2011
/disks/d14/2011/MOD13Q1.A2011097.h11v11.005.2011117071050.hdf,52800,57599,52800,57599,11097,097,2011
/disks/d14/2011/MOD13Q1.A2011097.h11v12.005.2011116220504.hdf,52800,57599,57600,62399,11097,097,2011
/disks/d14/2011/MOD13Q1.A2011097.h12v07.005.2011118015205.hdf,57600,62399,33600,38399,11097,097,2011
/disks/d14/2011/MOD13Q1.A2011097.h12v08.005.2011116204421.hdf,57600,62399,38400,43199,11097,097,2011
/disks/d14/2011/MOD13Q1.A2011097.h12v09.005.2011116142715.hdf,57600,62399,43200,47999,11097,097,2011
/disks/d14/2011/MOD13Q1.A2011097.h12v10.005.2011117072317.hdf,57600,62399,48000,52799,11097,097,2011
/disks/d14/2011/MOD13Q1.A2011097.h12v11.005.2011119044717.hdf,57600,62399,52800,57599,11097,097,2011
/disks/d14/2011/MOD13Q1.A2011097.h12v12.005.2011116182447.hdf,57600,62399,57600,62399,11097,097,2011
/disks/d14/2011/MOD13Q1.A2011097.h12v13.005.2011117055221.hdf,57600,62399,62400,67199,11097,097,2011
/disks/d14/2011/MOD13Q1.A2011097.h13v08.005.2011117140638.hdf,62400,67199,38400,43199,11097,097,2011
/disks/d14/2011/MOD13Q1.A2011097.h13v09.005.2011118192338.hdf,62400,67199,43200,47999,11097,097,2011
/disks/d14/2011/MOD13Q1.A2011097.h13v10.005.2011119041125.hdf,62400,67199,48000,52799,11097,097,2011
/disks/d14/2011/MOD13Q1.A2011097.h13v11.005.2011118161159.hdf,62400,67199,52800,57599,11097,097,2011
/disks/d14/2011/MOD13Q1.A2011097.h13v12.005.2011117175652.hdf,62400,67199,57600,62399,11097,097,2011
/disks/d14/2011/MOD13Q1.A2011097.h13v13.005.2011116171150.hdf,62400,67199,62400,67199,11097,097,2011
/disks/d14/2011/MOD13Q1.A2011097.h13v14.005.2011118031410.hdf,62400,67199,67200,71999,11097,097,2011
/disks/d14/2011/MOD13Q1.A2011097.h14v09.005.2011116194316.hdf,67200,71999,43200,47999,11097,097,2011
/disks/d14/2011/MOD13Q1.A2011097.h14v10.005.2011118173041.hdf,67200,71999,48000,52799,11097,097,2011
/disks/d14/2011/MOD13Q1.A2011097.h14v11.005.2011118033858.hdf,67200,71999,52800,57599,11097,097,2011
/disks/d14/2011/MOD13Q1.A2011113.h09v07.005.2011131140947.hdf,43200,47999,33600,38399,11113,113,2011
/disks/d14/2011/MOD13Q1.A2011113.h09v08.005.2011132182937.hdf,43200,47999,38400,43199,11113,113,2011
/disks/d14/2011/MOD13Q1.A2011113.h09v09.005.2011133045943.hdf,43200,47999,43200,47999,11113,113,2011
/disks/d14/2011/MOD13Q1.A2011113.h10v07.005.2011133055523.hdf,48000,52799,33600,38399,11113,113,2011
/disks/d14/2011/MOD13Q1.A2011113.h10v08.005.2011132053046.hdf,48000,52799,38400,43199,11113,113,2011
/disks/d14/2011/MOD13Q1.A2011113.h10v09.005.2011131115611.hdf,48000,52799,43200,47999,11113,113,2011
/disks/d14/2011/MOD13Q1.A2011113.h10v10.005.2011133055443.hdf,48000,52799,48000,52799,11113,113,2011
/disks/d14/2011/MOD13Q1.A2011113.h10v11.005.2011132013554.hdf,48000,52799,52800,57599,11113,113,2011
/disks/d14/2011/MOD13Q1.A2011113.h11v07.005.2011132051903.hdf,52800,57599,33600,38399,11113,113,2011
/disks/d14/2011/MOD13Q1.A2011113.h11v08.005.2011131180956.hdf,52800,57599,38400,43199,11113,113,2011
/disks/d14/2011/MOD13Q1.A2011113.h11v09.005.2011132065552.hdf,52800,57599,43200,47999,11113,113,2011
/disks/d14/2011/MOD13Q1.A2011113.h11v10.005.2011132231654.hdf,52800,57599,48000,52799,11113,113,2011
/disks/d14/2011/MOD13Q1.A2011113.h11v11.005.2011132012524.hdf,52800,57599,52800,57599,11113,113,2011
/disks/d14/2011/MOD13Q1.A2011113.h11v12.005.2011131173350.hdf,52800,57599,57600,62399,11113,113,2011
/disks/d14/2011/MOD13Q1.A2011113.h12v07.005.2011132091142.hdf,57600,62399,33600,38399,11113,113,2011
/disks/d14/2011/MOD13Q1.A2011113.h12v08.005.2011131143937.hdf,57600,62399,38400,43199,11113,113,2011
/disks/d14/2011/MOD13Q1.A2011113.h12v09.005.2011131102120.hdf,57600,62399,43200,47999,11113,113,2011
/disks/d14/2011/MOD13Q1.A2011113.h12v10.005.2011132011557.hdf,57600,62399,48000,52799,11113,113,2011
/disks/d14/2011/MOD13Q1.A2011113.h12v11.005.2011133181804.hdf,57600,62399,52800,57599,11113,113,2011
/disks/d14/2011/MOD13Q1.A2011113.h12v12.005.2011131104616.hdf,57600,62399,57600,62399,11113,113,2011
/disks/d14/2011/MOD13Q1.A2011113.h12v13.005.2011131230203.hdf,57600,62399,62400,67199,11113,113,2011
/disks/d14/2011/MOD13Q1.A2011113.h13v08.005.2011132033829.hdf,62400,67199,38400,43199,11113,113,2011
/disks/d14/2011/MOD13Q1.A2011113.h13v09.005.2011133022745.hdf,62400,67199,43200,47999,11113,113,2011
/disks/d14/2011/MOD13Q1.A2011113.h13v10.005.2011133134526.hdf,62400,67199,48000,52799,11113,113,2011
/disks/d14/2011/MOD13Q1.A2011113.h13v11.005.2011133001826.hdf,62400,67199,52800,57599,11113,113,2011
/disks/d14/2011/MOD13Q1.A2011113.h13v12.005.2011132060734.hdf,62400,67199,57600,62399,11113,113,2011
/disks/d14/2011/MOD13Q1.A2011113.h13v13.005.2011131122612.hdf,62400,67199,62400,67199,11113,113,2011
/disks/d14/2011/MOD13Q1.A2011113.h13v14.005.2011132115315.hdf,62400,67199,67200,71999,11113,113,2011
/disks/d14/2011/MOD13Q1.A2011113.h14v09.005.2011131144433.hdf,67200,71999,43200,47999,11113,113,2011
/disks/d14/2011/MOD13Q1.A2011113.h14v10.005.2011133015956.hdf,67200,71999,48000,52799,11113,113,2011
/disks/d14/2011/MOD13Q1.A2011113.h14v11.005.2011132130428.hdf,67200,71999,52800,57599,11113,113,2011
/disks/d14/2011/MOD13Q1.A2011129.h09v07.005.2011151213727.hdf,43200,47999,33600,38399,11129,129,2011
/disks/d14/2011/MOD13Q1.A2011129.h09v08.005.2011153224750.hdf,43200,47999,38400,43199,11129,129,2011
/disks/d14/2011/MOD13Q1.A2011129.h09v09.005.2011154104145.hdf,43200,47999,43200,47999,11129,129,2011
/disks/d14/2011/MOD13Q1.A2011129.h10v07.005.2011154130607.hdf,48000,52799,33600,38399,11129,129,2011
/disks/d14/2011/MOD13Q1.A2011129.h10v08.005.2011153063140.hdf,48000,52799,38400,43199,11129,129,2011
/disks/d14/2011/MOD13Q1.A2011129.h10v09.005.2011151175802.hdf,48000,52799,43200,47999,11129,129,2011
/disks/d14/2011/MOD13Q1.A2011129.h10v10.005.2011154120719.hdf,48000,52799,48000,52799,11129,129,2011
/disks/d14/2011/MOD13Q1.A2011129.h10v11.005.2011152162823.hdf,48000,52799,52800,57599,11129,129,2011
/disks/d14/2011/MOD13Q1.A2011129.h11v07.005.2011153073911.hdf,52800,57599,33600,38399,11129,129,2011
/disks/d14/2011/MOD13Q1.A2011129.h11v08.005.2011152040908.hdf,52800,57599,38400,43199,11129,129,2011
/disks/d14/2011/MOD13Q1.A2011129.h11v09.005.2011153082917.hdf,52800,57599,43200,47999,11129,129,2011
/disks/d14/2011/MOD13Q1.A2011129.h11v10.005.2011154004227.hdf,52800,57599,48000,52799,11129,129,2011
/disks/d14/2011/MOD13Q1.A2011129.h11v11.005.2011152135516.hdf,52800,57599,52800,57599,11129,129,2011
/disks/d14/2011/MOD13Q1.A2011129.h11v12.005.2011152012446.hdf,52800,57599,57600,62399,11129,129,2011
/disks/d14/2011/MOD13Q1.A2011129.h12v07.005.2011153153309.hdf,57600,62399,33600,38399,11129,129,2011
/disks/d14/2011/MOD13Q1.A2011129.h12v08.005.2011151225255.hdf,57600,62399,38400,43199,11129,129,2011
/disks/d14/2011/MOD13Q1.A2011129.h12v09.005.2011151160322.hdf,57600,62399,43200,47999,11129,129,2011
/disks/d14/2011/MOD13Q1.A2011129.h12v10.005.2011152212333.hdf,57600,62399,48000,52799,11129,129,2011
/disks/d14/2011/MOD13Q1.A2011129.h12v11.005.2011155061138.hdf,57600,62399,52800,57599,11129,129,2011
/disks/d14/2011/MOD13Q1.A2011129.h12v12.005.2011151170037.hdf,57600,62399,57600,62399,11129,129,2011
/disks/d14/2011/MOD13Q1.A2011129.h12v13.005.2011152121118.hdf,57600,62399,62400,67199,11129,129,2011
/disks/d14/2011/MOD13Q1.A2011129.h13v08.005.2011153032512.hdf,62400,67199,38400,43199,11129,129,2011
/disks/d14/2011/MOD13Q1.A2011129.h13v09.005.2011154061622.hdf,62400,67199,43200,47999,11129,129,2011
/disks/d14/2011/MOD13Q1.A2011129.h13v10.005.2011155024425.hdf,62400,67199,48000,52799,11129,129,2011
/disks/d14/2011/MOD13Q1.A2011129.h13v11.005.2011154024257.hdf,62400,67199,52800,57599,11129,129,2011
/disks/d14/2011/MOD13Q1.A2011129.h13v12.005.2011153071302.hdf,62400,67199,57600,62399,11129,129,2011
/disks/d14/2011/MOD13Q1.A2011129.h13v13.005.2011151201741.hdf,62400,67199,62400,67199,11129,129,2011
/disks/d14/2011/MOD13Q1.A2011129.h13v14.005.2011153192347.hdf,62400,67199,67200,71999,11129,129,2011
/disks/d14/2011/MOD13Q1.A2011129.h14v09.005.2011151214927.hdf,67200,71999,43200,47999,11129,129,2011
/disks/d14/2011/MOD13Q1.A2011129.h14v10.005.2011154045406.hdf,67200,71999,48000,52799,11129,129,2011
/disks/d14/2011/MOD13Q1.A2011129.h14v11.005.2011153200431.hdf,67200,71999,52800,57599,11129,129,2011
/disks/d14/2011/MOD13Q1.A2011145.h09v07.005.2011162195744.hdf,43200,47999,33600,38399,11145,145,2011
/disks/d14/2011/MOD13Q1.A2011145.h09v08.005.2011163214251.hdf,43200,47999,38400,43199,11145,145,2011
/disks/d14/2011/MOD13Q1.A2011145.h09v09.005.2011164210545.hdf,43200,47999,43200,47999,11145,145,2011
/disks/d14/2011/MOD13Q1.A2011145.h10v07.005.2011164215527.hdf,48000,52799,33600,38399,11145,145,2011
/disks/d14/2011/MOD13Q1.A2011145.h10v08.005.2011163122455.hdf,48000,52799,38400,43199,11145,145,2011
/disks/d14/2011/MOD13Q1.A2011145.h10v09.005.2011162182255.hdf,48000,52799,43200,47999,11145,145,2011
/disks/d14/2011/MOD13Q1.A2011145.h10v10.005.2011164213433.hdf,48000,52799,48000,52799,11145,145,2011
/disks/d14/2011/MOD13Q1.A2011145.h10v11.005.2011163054106.hdf,48000,52799,52800,57599,11145,145,2011
/disks/d14/2011/MOD13Q1.A2011145.h11v07.005.2011163120529.hdf,52800,57599,33600,38399,11145,145,2011
/disks/d14/2011/MOD13Q1.A2011145.h11v08.005.2011162234906.hdf,52800,57599,38400,43199,11145,145,2011
/disks/d14/2011/MOD13Q1.A2011145.h11v09.005.2011163140838.hdf,52800,57599,43200,47999,11145,145,2011
/disks/d14/2011/MOD13Q1.A2011145.h11v10.005.2011164011215.hdf,52800,57599,48000,52799,11145,145,2011
/disks/d14/2011/MOD13Q1.A2011145.h11v11.005.2011163051901.hdf,52800,57599,52800,57599,11145,145,2011
/disks/d14/2011/MOD13Q1.A2011145.h11v12.005.2011162221316.hdf,52800,57599,57600,62399,11145,145,2011
/disks/d14/2011/MOD13Q1.A2011145.h12v07.005.2011163163322.hdf,57600,62399,33600,38399,11145,145,2011
/disks/d14/2011/MOD13Q1.A2011145.h12v08.005.2011162203144.hdf,57600,62399,38400,43199,11145,145,2011
/disks/d14/2011/MOD13Q1.A2011145.h12v09.005.2011162173031.hdf,57600,62399,43200,47999,11145,145,2011
/disks/d14/2011/MOD13Q1.A2011145.h12v10.005.2011163044729.hdf,57600,62399,48000,52799,11145,145,2011
/disks/d14/2011/MOD13Q1.A2011145.h12v11.005.2011165065941.hdf,57600,62399,52800,57599,11145,145,2011
/disks/d14/2011/MOD13Q1.A2011145.h12v12.005.2011162164835.hdf,57600,62399,57600,62399,11145,145,2011
/disks/d14/2011/MOD13Q1.A2011145.h12v13.005.2011163024914.hdf,57600,62399,62400,67199,11145,145,2011
/disks/d14/2011/MOD13Q1.A2011145.h13v08.005.2011163102454.hdf,62400,67199,38400,43199,11145,145,2011
/disks/d14/2011/MOD13Q1.A2011145.h13v09.005.2011164125805.hdf,62400,67199,43200,47999,11145,145,2011
/disks/d14/2011/MOD13Q1.A2011145.h13v10.005.2011165054220.hdf,62400,67199,48000,52799,11145,145,2011
/disks/d14/2011/MOD13Q1.A2011145.h13v11.005.2011164053012.hdf,62400,67199,52800,57599,11145,145,2011
/disks/d14/2011/MOD13Q1.A2011145.h13v12.005.2011163125434.hdf,62400,67199,57600,62399,11145,145,2011
/disks/d14/2011/MOD13Q1.A2011145.h13v13.005.2011162183624.hdf,62400,67199,62400,67199,11145,145,2011
/disks/d14/2011/MOD13Q1.A2011145.h13v14.005.2011163193213.hdf,62400,67199,67200,71999,11145,145,2011
/disks/d14/2011/MOD13Q1.A2011145.h14v09.005.2011162200801.hdf,67200,71999,43200,47999,11145,145,2011
/disks/d14/2011/MOD13Q1.A2011145.h14v10.005.2011164103330.hdf,67200,71999,48000,52799,11145,145,2011
/disks/d14/2011/MOD13Q1.A2011145.h14v11.005.2011163194030.hdf,67200,71999,52800,57599,11145,145,2011
/disks/d14/2011/MOD13Q1.A2011161.h09v07.005.2011179144855.hdf,43200,47999,33600,38399,11161,161,2011
/disks/d14/2011/MOD13Q1.A2011161.h09v08.005.2011179143302.hdf,43200,47999,38400,43199,11161,161,2011
/disks/d14/2011/MOD13Q1.A2011161.h09v09.005.2011179143301.hdf,43200,47999,43200,47999,11161,161,2011
/disks/d14/2011/MOD13Q1.A2011161.h10v07.005.2011179143736.hdf,48000,52799,33600,38399,11161,161,2011
/disks/d14/2011/MOD13Q1.A2011161.h10v08.005.2011179144331.hdf,48000,52799,38400,43199,11161,161,2011
/disks/d14/2011/MOD13Q1.A2011161.h10v09.005.2011179144459.hdf,48000,52799,43200,47999,11161,161,2011
/disks/d14/2011/MOD13Q1.A2011161.h10v10.005.2011179144304.hdf,48000,52799,48000,52799,11161,161,2011
/disks/d14/2011/MOD13Q1.A2011161.h10v11.005.2011179145823.hdf,48000,52799,52800,57599,11161,161,2011
/disks/d14/2011/MOD13Q1.A2011161.h11v07.005.2011179145417.hdf,52800,57599,33600,38399,11161,161,2011
/disks/d14/2011/MOD13Q1.A2011161.h11v08.005.2011179145720.hdf,52800,57599,38400,43199,11161,161,2011
/disks/d14/2011/MOD13Q1.A2011161.h11v09.005.2011179145721.hdf,52800,57599,43200,47999,11161,161,2011
/disks/d14/2011/MOD13Q1.A2011161.h11v10.005.2011179145428.hdf,52800,57599,48000,52799,11161,161,2011
/disks/d14/2011/MOD13Q1.A2011161.h11v11.005.2011179145414.hdf,52800,57599,52800,57599,11161,161,2011
/disks/d14/2011/MOD13Q1.A2011161.h11v12.005.2011179145137.hdf,52800,57599,57600,62399,11161,161,2011
/disks/d14/2011/MOD13Q1.A2011161.h12v07.005.2011179143937.hdf,57600,62399,33600,38399,11161,161,2011
/disks/d14/2011/MOD13Q1.A2011161.h12v08.005.2011179150604.hdf,57600,62399,38400,43199,11161,161,2011
/disks/d14/2011/MOD13Q1.A2011161.h12v09.005.2011179145626.hdf,57600,62399,43200,47999,11161,161,2011
/disks/d14/2011/MOD13Q1.A2011161.h12v10.005.2011179145755.hdf,57600,62399,48000,52799,11161,161,2011
/disks/d14/2011/MOD13Q1.A2011161.h12v11.005.2011179145727.hdf,57600,62399,52800,57599,11161,161,2011
/disks/d14/2011/MOD13Q1.A2011161.h12v12.005.2011179145800.hdf,57600,62399,57600,62399,11161,161,2011
/disks/d14/2011/MOD13Q1.A2011161.h12v13.005.2011179144953.hdf,57600,62399,62400,67199,11161,161,2011
/disks/d14/2011/MOD13Q1.A2011161.h13v08.005.2011179144243.hdf,62400,67199,38400,43199,11161,161,2011
/disks/d14/2011/MOD13Q1.A2011161.h13v09.005.2011179145231.hdf,62400,67199,43200,47999,11161,161,2011
/disks/d14/2011/MOD13Q1.A2011161.h13v10.005.2011179145404.hdf,62400,67199,48000,52799,11161,161,2011
/disks/d14/2011/MOD13Q1.A2011161.h13v11.005.2011179151304.hdf,62400,67199,52800,57599,11161,161,2011
/disks/d14/2011/MOD13Q1.A2011161.h13v12.005.2011179150504.hdf,62400,67199,57600,62399,11161,161,2011
/disks/d14/2011/MOD13Q1.A2011161.h13v13.005.2011179151703.hdf,62400,67199,62400,67199,11161,161,2011
/disks/d14/2011/MOD13Q1.A2011161.h13v14.005.2011179150634.hdf,62400,67199,67200,71999,11161,161,2011
/disks/d14/2011/MOD13Q1.A2011161.h14v09.005.2011179145548.hdf,67200,71999,43200,47999,11161,161,2011
/disks/d14/2011/MOD13Q1.A2011161.h14v10.005.2011179150323.hdf,67200,71999,48000,52799,11161,161,2011
/disks/d14/2011/MOD13Q1.A2011161.h14v11.005.2011179150201.hdf,67200,71999,52800,57599,11161,161,2011
/disks/d14/2011/MOD13Q1.A2011177.h09v07.005.2011213113901.hdf,43200,47999,33600,38399,11177,177,2011
/disks/d14/2011/MOD13Q1.A2011177.h09v08.005.2011213114253.hdf,43200,47999,38400,43199,11177,177,2011
/disks/d14/2011/MOD13Q1.A2011177.h09v09.005.2011213113719.hdf,43200,47999,43200,47999,11177,177,2011
/disks/d14/2011/MOD13Q1.A2011177.h10v07.005.2011213115204.hdf,48000,52799,33600,38399,11177,177,2011
/disks/d14/2011/MOD13Q1.A2011177.h10v08.005.2011213115905.hdf,48000,52799,38400,43199,11177,177,2011
/disks/d14/2011/MOD13Q1.A2011177.h10v09.005.2011213120245.hdf,48000,52799,43200,47999,11177,177,2011
/disks/d14/2011/MOD13Q1.A2011177.h10v10.005.2011213115335.hdf,48000,52799,48000,52799,11177,177,2011
/disks/d14/2011/MOD13Q1.A2011177.h10v11.005.2011213120236.hdf,48000,52799,52800,57599,11177,177,2011
/disks/d14/2011/MOD13Q1.A2011177.h11v07.005.2011213114350.hdf,52800,57599,33600,38399,11177,177,2011
/disks/d14/2011/MOD13Q1.A2011177.h11v08.005.2011213120136.hdf,52800,57599,38400,43199,11177,177,2011
/disks/d14/2011/MOD13Q1.A2011177.h11v09.005.2011213114401.hdf,52800,57599,43200,47999,11177,177,2011
/disks/d14/2011/MOD13Q1.A2011177.h11v10.005.2011213122551.hdf,52800,57599,48000,52799,11177,177,2011
/disks/d14/2011/MOD13Q1.A2011177.h11v11.005.2011213115356.hdf,52800,57599,52800,57599,11177,177,2011
/disks/d14/2011/MOD13Q1.A2011177.h11v12.005.2011213121022.hdf,52800,57599,57600,62399,11177,177,2011
/disks/d14/2011/MOD13Q1.A2011177.h12v07.005.2011213111809.hdf,57600,62399,33600,38399,11177,177,2011
/disks/d14/2011/MOD13Q1.A2011177.h12v08.005.2011213120614.hdf,57600,62399,38400,43199,11177,177,2011
/disks/d14/2011/MOD13Q1.A2011177.h12v09.005.2011213114610.hdf,57600,62399,43200,47999,11177,177,2011
/disks/d14/2011/MOD13Q1.A2011177.h12v10.005.2011213120326.hdf,57600,62399,48000,52799,11177,177,2011
/disks/d14/2011/MOD13Q1.A2011177.h12v11.005.2011213120444.hdf,57600,62399,52800,57599,11177,177,2011
/disks/d14/2011/MOD13Q1.A2011177.h12v12.005.2011213123939.hdf,57600,62399,57600,62399,11177,177,2011
/disks/d14/2011/MOD13Q1.A2011177.h12v13.005.2011213114855.hdf,57600,62399,62400,67199,11177,177,2011
/disks/d14/2011/MOD13Q1.A2011177.h13v08.005.2011213114736.hdf,62400,67199,38400,43199,11177,177,2011
/disks/d14/2011/MOD13Q1.A2011177.h13v09.005.2011213115910.hdf,62400,67199,43200,47999,11177,177,2011
/disks/d14/2011/MOD13Q1.A2011177.h13v10.005.2011213121341.hdf,62400,67199,48000,52799,11177,177,2011
/disks/d14/2011/MOD13Q1.A2011177.h13v11.005.2011213124250.hdf,62400,67199,52800,57599,11177,177,2011
/disks/d14/2011/MOD13Q1.A2011177.h13v12.005.2011213123628.hdf,62400,67199,57600,62399,11177,177,2011
/disks/d14/2011/MOD13Q1.A2011177.h13v13.005.2011213122252.hdf,62400,67199,62400,67199,11177,177,2011
/disks/d14/2011/MOD13Q1.A2011177.h13v14.005.2011213123149.hdf,62400,67199,67200,71999,11177,177,2011
/disks/d14/2011/MOD13Q1.A2011177.h14v09.005.2011213120043.hdf,67200,71999,43200,47999,11177,177,2011
/disks/d14/2011/MOD13Q1.A2011177.h14v10.005.2011213120610.hdf,67200,71999,48000,52799,11177,177,2011
/disks/d14/2011/MOD13Q1.A2011177.h14v11.005.2011213121041.hdf,67200,71999,52800,57599,11177,177,2011
/disks/d14/2011/MOD13Q1.A2011193.h09v07.005.2011210104742.hdf,43200,47999,33600,38399,11193,193,2011
/disks/d14/2011/MOD13Q1.A2011193.h09v08.005.2011210104701.hdf,43200,47999,38400,43199,11193,193,2011
/disks/d14/2011/MOD13Q1.A2011193.h09v09.005.2011210110902.hdf,43200,47999,43200,47999,11193,193,2011
/disks/d14/2011/MOD13Q1.A2011193.h10v07.005.2011210111436.hdf,48000,52799,33600,38399,11193,193,2011
/disks/d14/2011/MOD13Q1.A2011193.h10v08.005.2011210110223.hdf,48000,52799,38400,43199,11193,193,2011
/disks/d14/2011/MOD13Q1.A2011193.h10v09.005.2011210105314.hdf,48000,52799,43200,47999,11193,193,2011
/disks/d14/2011/MOD13Q1.A2011193.h10v10.005.2011210110359.hdf,48000,52799,48000,52799,11193,193,2011
/disks/d14/2011/MOD13Q1.A2011193.h10v11.005.2011210105044.hdf,48000,52799,52800,57599,11193,193,2011
/disks/d14/2011/MOD13Q1.A2011193.h11v07.005.2011210104757.hdf,52800,57599,33600,38399,11193,193,2011
/disks/d14/2011/MOD13Q1.A2011193.h11v08.005.2011210105727.hdf,52800,57599,38400,43199,11193,193,2011
/disks/d14/2011/MOD13Q1.A2011193.h11v09.005.2011210110852.hdf,52800,57599,43200,47999,11193,193,2011
/disks/d14/2011/MOD13Q1.A2011193.h11v10.005.2011210110344.hdf,52800,57599,48000,52799,11193,193,2011
/disks/d14/2011/MOD13Q1.A2011193.h11v11.005.2011210111022.hdf,52800,57599,52800,57599,11193,193,2011
/disks/d14/2011/MOD13Q1.A2011193.h11v12.005.2011210105418.hdf,52800,57599,57600,62399,11193,193,2011
/disks/d14/2011/MOD13Q1.A2011193.h12v07.005.2011210104857.hdf,57600,62399,33600,38399,11193,193,2011
/disks/d14/2011/MOD13Q1.A2011193.h12v08.005.2011210105733.hdf,57600,62399,38400,43199,11193,193,2011
/disks/d14/2011/MOD13Q1.A2011193.h12v09.005.2011210110706.hdf,57600,62399,43200,47999,11193,193,2011
/disks/d14/2011/MOD13Q1.A2011193.h12v10.005.2011210110843.hdf,57600,62399,48000,52799,11193,193,2011
/disks/d14/2011/MOD13Q1.A2011193.h12v11.005.2011210110311.hdf,57600,62399,52800,57599,11193,193,2011
/disks/d14/2011/MOD13Q1.A2011193.h12v12.005.2011210111742.hdf,57600,62399,57600,62399,11193,193,2011
/disks/d14/2011/MOD13Q1.A2011193.h12v13.005.2011210112538.hdf,57600,62399,62400,67199,11193,193,2011
/disks/d14/2011/MOD13Q1.A2011193.h13v08.005.2011210104739.hdf,62400,67199,38400,43199,11193,193,2011
/disks/d14/2011/MOD13Q1.A2011193.h13v09.005.2011210105655.hdf,62400,67199,43200,47999,11193,193,2011
/disks/d14/2011/MOD13Q1.A2011193.h13v10.005.2011210105840.hdf,62400,67199,48000,52799,11193,193,2011
/disks/d14/2011/MOD13Q1.A2011193.h13v11.005.2011210112113.hdf,62400,67199,52800,57599,11193,193,2011
/disks/d14/2011/MOD13Q1.A2011193.h13v12.005.2011210110855.hdf,62400,67199,57600,62399,11193,193,2011
/disks/d14/2011/MOD13Q1.A2011193.h13v13.005.2011210113538.hdf,62400,67199,62400,67199,11193,193,2011
/disks/d14/2011/MOD13Q1.A2011193.h13v14.005.2011210121253.hdf,62400,67199,67200,71999,11193,193,2011
/disks/d14/2011/MOD13Q1.A2011193.h14v09.005.2011210104321.hdf,67200,71999,43200,47999,11193,193,2011
/disks/d14/2011/MOD13Q1.A2011193.h14v10.005.2011210110439.hdf,67200,71999,48000,52799,11193,193,2011
/disks/d14/2011/MOD13Q1.A2011193.h14v11.005.2011210104220.hdf,67200,71999,52800,57599,11193,193,2011
/disks/d14/2011/MOD13Q1.A2011209.h09v07.005.2011226174513.hdf,43200,47999,33600,38399,11209,209,2011
/disks/d14/2011/MOD13Q1.A2011209.h09v08.005.2011226173715.hdf,43200,47999,38400,43199,11209,209,2011
/disks/d14/2011/MOD13Q1.A2011209.h09v09.005.2011226190333.hdf,43200,47999,43200,47999,11209,209,2011
/disks/d14/2011/MOD13Q1.A2011209.h10v07.005.2011226172317.hdf,48000,52799,33600,38399,11209,209,2011
/disks/d14/2011/MOD13Q1.A2011209.h10v08.005.2011226171421.hdf,48000,52799,38400,43199,11209,209,2011
/disks/d14/2011/MOD13Q1.A2011209.h10v09.005.2011226192054.hdf,48000,52799,43200,47999,11209,209,2011
/disks/d14/2011/MOD13Q1.A2011209.h10v10.005.2011226170010.hdf,48000,52799,48000,52799,11209,209,2011
/disks/d14/2011/MOD13Q1.A2011209.h10v11.005.2011226174008.hdf,48000,52799,52800,57599,11209,209,2011
/disks/d14/2011/MOD13Q1.A2011209.h11v07.005.2011226185813.hdf,52800,57599,33600,38399,11209,209,2011
/disks/d14/2011/MOD13Q1.A2011209.h11v08.005.2011226171126.hdf,52800,57599,38400,43199,11209,209,2011
/disks/d14/2011/MOD13Q1.A2011209.h11v09.005.2011226173444.hdf,52800,57599,43200,47999,11209,209,2011
/disks/d14/2011/MOD13Q1.A2011209.h11v10.005.2011226174550.hdf,52800,57599,48000,52799,11209,209,2011
/disks/d14/2011/MOD13Q1.A2011209.h11v11.005.2011226175331.hdf,52800,57599,52800,57599,11209,209,2011
/disks/d14/2011/MOD13Q1.A2011209.h11v12.005.2011226174032.hdf,52800,57599,57600,62399,11209,209,2011
/disks/d14/2011/MOD13Q1.A2011209.h12v07.005.2011226173245.hdf,57600,62399,33600,38399,11209,209,2011
/disks/d14/2011/MOD13Q1.A2011209.h12v08.005.2011226192541.hdf,57600,62399,38400,43199,11209,209,2011
/disks/d14/2011/MOD13Q1.A2011209.h12v09.005.2011226192727.hdf,57600,62399,43200,47999,11209,209,2011
/disks/d14/2011/MOD13Q1.A2011209.h12v10.005.2011226174549.hdf,57600,62399,48000,52799,11209,209,2011
/disks/d14/2011/MOD13Q1.A2011209.h12v11.005.2011226191803.hdf,57600,62399,52800,57599,11209,209,2011
/disks/d14/2011/MOD13Q1.A2011209.h12v12.005.2011226180018.hdf,57600,62399,57600,62399,11209,209,2011
/disks/d14/2011/MOD13Q1.A2011209.h12v13.005.2011226174132.hdf,57600,62399,62400,67199,11209,209,2011
/disks/d14/2011/MOD13Q1.A2011209.h13v08.005.2011226172821.hdf,62400,67199,38400,43199,11209,209,2011
/disks/d14/2011/MOD13Q1.A2011209.h13v09.005.2011226174255.hdf,62400,67199,43200,47999,11209,209,2011
/disks/d14/2011/MOD13Q1.A2011209.h13v10.005.2011226172224.hdf,62400,67199,48000,52799,11209,209,2011
/disks/d14/2011/MOD13Q1.A2011209.h13v11.005.2011226174703.hdf,62400,67199,52800,57599,11209,209,2011
/disks/d14/2011/MOD13Q1.A2011209.h13v12.005.2011226192343.hdf,62400,67199,57600,62399,11209,209,2011
/disks/d14/2011/MOD13Q1.A2011209.h13v13.005.2011226190633.hdf,62400,67199,62400,67199,11209,209,2011
/disks/d14/2011/MOD13Q1.A2011209.h13v14.005.2011226190704.hdf,62400,67199,67200,71999,11209,209,2011
/disks/d14/2011/MOD13Q1.A2011209.h14v09.005.2011226172749.hdf,67200,71999,43200,47999,11209,209,2011
/disks/d14/2011/MOD13Q1.A2011209.h14v10.005.2011226172627.hdf,67200,71999,48000,52799,11209,209,2011
/disks/d14/2011/MOD13Q1.A2011209.h14v11.005.2011226173835.hdf,67200,71999,52800,57599,11209,209,2011
/disks/d14/2011/MOD13Q1.A2011225.h09v07.005.2011242113403.hdf,43200,47999,33600,38399,11225,225,2011
/disks/d14/2011/MOD13Q1.A2011225.h09v08.005.2011242114413.hdf,43200,47999,38400,43199,11225,225,2011
/disks/d14/2011/MOD13Q1.A2011225.h09v09.005.2011242113022.hdf,43200,47999,43200,47999,11225,225,2011
/disks/d14/2011/MOD13Q1.A2011225.h10v07.005.2011242114743.hdf,48000,52799,33600,38399,11225,225,2011
/disks/d14/2011/MOD13Q1.A2011225.h10v08.005.2011242120249.hdf,48000,52799,38400,43199,11225,225,2011
/disks/d14/2011/MOD13Q1.A2011225.h10v09.005.2011242114655.hdf,48000,52799,43200,47999,11225,225,2011
/disks/d14/2011/MOD13Q1.A2011225.h10v10.005.2011242120427.hdf,48000,52799,48000,52799,11225,225,2011
/disks/d14/2011/MOD13Q1.A2011225.h10v11.005.2011242114805.hdf,48000,52799,52800,57599,11225,225,2011
/disks/d14/2011/MOD13Q1.A2011225.h11v07.005.2011242112935.hdf,52800,57599,33600,38399,11225,225,2011
/disks/d14/2011/MOD13Q1.A2011225.h11v08.005.2011242120553.hdf,52800,57599,38400,43199,11225,225,2011
/disks/d14/2011/MOD13Q1.A2011225.h11v09.005.2011242120558.hdf,52800,57599,43200,47999,11225,225,2011
/disks/d14/2011/MOD13Q1.A2011225.h11v10.005.2011242113748.hdf,52800,57599,48000,52799,11225,225,2011
/disks/d14/2011/MOD13Q1.A2011225.h11v11.005.2011242120411.hdf,52800,57599,52800,57599,11225,225,2011
/disks/d14/2011/MOD13Q1.A2011225.h11v12.005.2011242120034.hdf,52800,57599,57600,62399,11225,225,2011
/disks/d14/2011/MOD13Q1.A2011225.h12v07.005.2011242112924.hdf,57600,62399,33600,38399,11225,225,2011
/disks/d14/2011/MOD13Q1.A2011225.h12v08.005.2011242113433.hdf,57600,62399,38400,43199,11225,225,2011
/disks/d14/2011/MOD13Q1.A2011225.h12v09.005.2011242120925.hdf,57600,62399,43200,47999,11225,225,2011
/disks/d14/2011/MOD13Q1.A2011225.h12v10.005.2011242114228.hdf,57600,62399,48000,52799,11225,225,2011
/disks/d14/2011/MOD13Q1.A2011225.h12v11.005.2011242121511.hdf,57600,62399,52800,57599,11225,225,2011
/disks/d14/2011/MOD13Q1.A2011225.h12v12.005.2011242114759.hdf,57600,62399,57600,62399,11225,225,2011
/disks/d14/2011/MOD13Q1.A2011225.h12v13.005.2011242113859.hdf,57600,62399,62400,67199,11225,225,2011
/disks/d14/2011/MOD13Q1.A2011225.h13v08.005.2011242120348.hdf,62400,67199,38400,43199,11225,225,2011
/disks/d14/2011/MOD13Q1.A2011225.h13v09.005.2011242114347.hdf,62400,67199,43200,47999,11225,225,2011
/disks/d14/2011/MOD13Q1.A2011225.h13v10.005.2011242114401.hdf,62400,67199,48000,52799,11225,225,2011
/disks/d14/2011/MOD13Q1.A2011225.h13v11.005.2011242114644.hdf,62400,67199,52800,57599,11225,225,2011
/disks/d14/2011/MOD13Q1.A2011225.h13v12.005.2011242120605.hdf,62400,67199,57600,62399,11225,225,2011
/disks/d14/2011/MOD13Q1.A2011225.h13v13.005.2011242123007.hdf,62400,67199,62400,67199,11225,225,2011
/disks/d14/2011/MOD13Q1.A2011225.h13v14.005.2011242115133.hdf,62400,67199,67200,71999,11225,225,2011
/disks/d14/2011/MOD13Q1.A2011225.h14v09.005.2011242115933.hdf,67200,71999,43200,47999,11225,225,2011
/disks/d14/2011/MOD13Q1.A2011225.h14v10.005.2011242120534.hdf,67200,71999,48000,52799,11225,225,2011
/disks/d14/2011/MOD13Q1.A2011225.h14v11.005.2011242113325.hdf,67200,71999,52800,57599,11225,225,2011
/disks/d14/2011/MOD13Q1.A2011241.h09v07.005.2011258015110.hdf,43200,47999,33600,38399,11241,241,2011
/disks/d14/2011/MOD13Q1.A2011241.h09v08.005.2011258013958.hdf,43200,47999,38400,43199,11241,241,2011
/disks/d14/2011/MOD13Q1.A2011241.h09v09.005.2011258015021.hdf,43200,47999,43200,47999,11241,241,2011
/disks/d14/2011/MOD13Q1.A2011241.h10v07.005.2011258014703.hdf,48000,52799,33600,38399,11241,241,2011
/disks/d14/2011/MOD13Q1.A2011241.h10v08.005.2011258020008.hdf,48000,52799,38400,43199,11241,241,2011
/disks/d14/2011/MOD13Q1.A2011241.h10v09.005.2011258021613.hdf,48000,52799,43200,47999,11241,241,2011
/disks/d14/2011/MOD13Q1.A2011241.h10v10.005.2011258020628.hdf,48000,52799,48000,52799,11241,241,2011
/disks/d14/2011/MOD13Q1.A2011241.h10v11.005.2011258014852.hdf,48000,52799,52800,57599,11241,241,2011
/disks/d14/2011/MOD13Q1.A2011241.h11v07.005.2011258015420.hdf,52800,57599,33600,38399,11241,241,2011
/disks/d14/2011/MOD13Q1.A2011241.h11v08.005.2011258020322.hdf,52800,57599,38400,43199,11241,241,2011
/disks/d14/2011/MOD13Q1.A2011241.h11v09.005.2011258015532.hdf,52800,57599,43200,47999,11241,241,2011
/disks/d14/2011/MOD13Q1.A2011241.h11v10.005.2011258020358.hdf,52800,57599,48000,52799,11241,241,2011
/disks/d14/2011/MOD13Q1.A2011241.h11v11.005.2011258015013.hdf,52800,57599,52800,57599,11241,241,2011
/disks/d14/2011/MOD13Q1.A2011241.h11v12.005.2011258014411.hdf,52800,57599,57600,62399,11241,241,2011
/disks/d14/2011/MOD13Q1.A2011241.h12v07.005.2011258020039.hdf,57600,62399,33600,38399,11241,241,2011
/disks/d14/2011/MOD13Q1.A2011241.h12v08.005.2011258014917.hdf,57600,62399,38400,43199,11241,241,2011
/disks/d14/2011/MOD13Q1.A2011241.h12v09.005.2011258020817.hdf,57600,62399,43200,47999,11241,241,2011
/disks/d14/2011/MOD13Q1.A2011241.h12v10.005.2011258015320.hdf,57600,62399,48000,52799,11241,241,2011
/disks/d14/2011/MOD13Q1.A2011241.h12v11.005.2011258015507.hdf,57600,62399,52800,57599,11241,241,2011
/disks/d14/2011/MOD13Q1.A2011241.h12v12.005.2011258022743.hdf,57600,62399,57600,62399,11241,241,2011
/disks/d14/2011/MOD13Q1.A2011241.h12v13.005.2011258022318.hdf,57600,62399,62400,67199,11241,241,2011
/disks/d14/2011/MOD13Q1.A2011241.h13v08.005.2011258014627.hdf,62400,67199,38400,43199,11241,241,2011
/disks/d14/2011/MOD13Q1.A2011241.h13v09.005.2011258020820.hdf,62400,67199,43200,47999,11241,241,2011
/disks/d14/2011/MOD13Q1.A2011241.h13v10.005.2011258015730.hdf,62400,67199,48000,52799,11241,241,2011
/disks/d14/2011/MOD13Q1.A2011241.h13v11.005.2011258015718.hdf,62400,67199,52800,57599,11241,241,2011
/disks/d14/2011/MOD13Q1.A2011241.h13v12.005.2011258020821.hdf,62400,67199,57600,62399,11241,241,2011
/disks/d14/2011/MOD13Q1.A2011241.h13v13.005.2011258023506.hdf,62400,67199,62400,67199,11241,241,2011
/disks/d14/2011/MOD13Q1.A2011241.h13v14.005.2011258024705.hdf,62400,67199,67200,71999,11241,241,2011
/disks/d14/2011/MOD13Q1.A2011241.h14v09.005.2011258020610.hdf,67200,71999,43200,47999,11241,241,2011
/disks/d14/2011/MOD13Q1.A2011241.h14v10.005.2011258020653.hdf,67200,71999,48000,52799,11241,241,2011
/disks/d14/2011/MOD13Q1.A2011241.h14v11.005.2011258020448.hdf,67200,71999,52800,57599,11241,241,2011
/disks/d14/2011/MOD13Q1.A2011257.h09v07.005.2011274034809.hdf,43200,47999,33600,38399,11257,257,2011
/disks/d14/2011/MOD13Q1.A2011257.h09v08.005.2011274032950.hdf,43200,47999,38400,43199,11257,257,2011
/disks/d14/2011/MOD13Q1.A2011257.h09v09.005.2011274032016.hdf,43200,47999,43200,47999,11257,257,2011
/disks/d14/2011/MOD13Q1.A2011257.h10v07.005.2011274033627.hdf,48000,52799,33600,38399,11257,257,2011
/disks/d14/2011/MOD13Q1.A2011257.h10v08.005.2011274035609.hdf,48000,52799,38400,43199,11257,257,2011
/disks/d14/2011/MOD13Q1.A2011257.h10v09.005.2011274035436.hdf,48000,52799,43200,47999,11257,257,2011
/disks/d14/2011/MOD13Q1.A2011257.h10v10.005.2011274034446.hdf,48000,52799,48000,52799,11257,257,2011
/disks/d14/2011/MOD13Q1.A2011257.h10v11.005.2011274033625.hdf,48000,52799,52800,57599,11257,257,2011
/disks/d14/2011/MOD13Q1.A2011257.h11v07.005.2011274033703.hdf,52800,57599,33600,38399,11257,257,2011
/disks/d14/2011/MOD13Q1.A2011257.h11v08.005.2011274035155.hdf,52800,57599,38400,43199,11257,257,2011
/disks/d14/2011/MOD13Q1.A2011257.h11v09.005.2011274035659.hdf,52800,57599,43200,47999,11257,257,2011
/disks/d14/2011/MOD13Q1.A2011257.h11v10.005.2011274041446.hdf,52800,57599,48000,52799,11257,257,2011
/disks/d14/2011/MOD13Q1.A2011257.h11v11.005.2011274035532.hdf,52800,57599,52800,57599,11257,257,2011
/disks/d14/2011/MOD13Q1.A2011257.h11v12.005.2011274040136.hdf,52800,57599,57600,62399,11257,257,2011
/disks/d14/2011/MOD13Q1.A2011257.h12v07.005.2011274034417.hdf,57600,62399,33600,38399,11257,257,2011
/disks/d14/2011/MOD13Q1.A2011257.h12v08.005.2011274033610.hdf,57600,62399,38400,43199,11257,257,2011
/disks/d14/2011/MOD13Q1.A2011257.h12v09.005.2011274034403.hdf,57600,62399,43200,47999,11257,257,2011
/disks/d14/2011/MOD13Q1.A2011257.h12v10.005.2011274040942.hdf,57600,62399,48000,52799,11257,257,2011
/disks/d14/2011/MOD13Q1.A2011257.h12v11.005.2011274040011.hdf,57600,62399,52800,57599,11257,257,2011
/disks/d14/2011/MOD13Q1.A2011257.h12v12.005.2011274042031.hdf,57600,62399,57600,62399,11257,257,2011
/disks/d14/2011/MOD13Q1.A2011257.h12v13.005.2011274041031.hdf,57600,62399,62400,67199,11257,257,2011
/disks/d14/2011/MOD13Q1.A2011257.h13v08.005.2011274034445.hdf,62400,67199,38400,43199,11257,257,2011
/disks/d14/2011/MOD13Q1.A2011257.h13v09.005.2011274035611.hdf,62400,67199,43200,47999,11257,257,2011
/disks/d14/2011/MOD13Q1.A2011257.h13v10.005.2011274040056.hdf,62400,67199,48000,52799,11257,257,2011
/disks/d14/2011/MOD13Q1.A2011257.h13v11.005.2011274042422.hdf,62400,67199,52800,57599,11257,257,2011
/disks/d14/2011/MOD13Q1.A2011257.h13v12.005.2011274040711.hdf,62400,67199,57600,62399,11257,257,2011
/disks/d14/2011/MOD13Q1.A2011257.h13v13.005.2011274040811.hdf,62400,67199,62400,67199,11257,257,2011
/disks/d14/2011/MOD13Q1.A2011257.h13v14.005.2011274042437.hdf,62400,67199,67200,71999,11257,257,2011
/disks/d14/2011/MOD13Q1.A2011257.h14v09.005.2011274033239.hdf,67200,71999,43200,47999,11257,257,2011
/disks/d14/2011/MOD13Q1.A2011257.h14v10.005.2011274035442.hdf,67200,71999,48000,52799,11257,257,2011
/disks/d14/2011/MOD13Q1.A2011257.h14v11.005.2011274032835.hdf,67200,71999,52800,57599,11257,257,2011
/disks/d14/2011/MOD13Q1.A2011273.h09v07.005.2011292195843.hdf,43200,47999,33600,38399,11273,273,2011
/disks/d14/2011/MOD13Q1.A2011273.h09v08.005.2011292194833.hdf,43200,47999,38400,43199,11273,273,2011
/disks/d14/2011/MOD13Q1.A2011273.h09v09.005.2011292194420.hdf,43200,47999,43200,47999,11273,273,2011
/disks/d14/2011/MOD13Q1.A2011273.h10v07.005.2011292195052.hdf,48000,52799,33600,38399,11273,273,2011
/disks/d14/2011/MOD13Q1.A2011273.h10v08.005.2011292200222.hdf,48000,52799,38400,43199,11273,273,2011
/disks/d14/2011/MOD13Q1.A2011273.h10v09.005.2011292200048.hdf,48000,52799,43200,47999,11273,273,2011
/disks/d14/2011/MOD13Q1.A2011273.h10v10.005.2011292195708.hdf,48000,52799,48000,52799,11273,273,2011
/disks/d14/2011/MOD13Q1.A2011273.h10v11.005.2011292195110.hdf,48000,52799,52800,57599,11273,273,2011
/disks/d14/2011/MOD13Q1.A2011273.h11v07.005.2011292200317.hdf,52800,57599,33600,38399,11273,273,2011
/disks/d14/2011/MOD13Q1.A2011273.h11v08.005.2011292201056.hdf,52800,57599,38400,43199,11273,273,2011
/disks/d14/2011/MOD13Q1.A2011273.h11v09.005.2011292200125.hdf,52800,57599,43200,47999,11273,273,2011
/disks/d14/2011/MOD13Q1.A2011273.h11v10.005.2011292200524.hdf,52800,57599,48000,52799,11273,273,2011
/disks/d14/2011/MOD13Q1.A2011273.h11v11.005.2011292200437.hdf,52800,57599,52800,57599,11273,273,2011
/disks/d14/2011/MOD13Q1.A2011273.h11v12.005.2011292203743.hdf,52800,57599,57600,62399,11273,273,2011
/disks/d14/2011/MOD13Q1.A2011273.h12v07.005.2011292201133.hdf,57600,62399,33600,38399,11273,273,2011
/disks/d14/2011/MOD13Q1.A2011273.h12v08.005.2011292202420.hdf,57600,62399,38400,43199,11273,273,2011
/disks/d14/2011/MOD13Q1.A2011273.h12v09.005.2011292203132.hdf,57600,62399,43200,47999,11273,273,2011
/disks/d14/2011/MOD13Q1.A2011273.h12v10.005.2011292202804.hdf,57600,62399,48000,52799,11273,273,2011
/disks/d14/2011/MOD13Q1.A2011273.h12v11.005.2011292204510.hdf,57600,62399,52800,57599,11273,273,2011
/disks/d14/2011/MOD13Q1.A2011273.h12v12.005.2011292204117.hdf,57600,62399,57600,62399,11273,273,2011
/disks/d14/2011/MOD13Q1.A2011273.h12v13.005.2011292204519.hdf,57600,62399,62400,67199,11273,273,2011
/disks/d14/2011/MOD13Q1.A2011273.h13v08.005.2011292203020.hdf,62400,67199,38400,43199,11273,273,2011
/disks/d14/2011/MOD13Q1.A2011273.h13v09.005.2011292203930.hdf,62400,67199,43200,47999,11273,273,2011
/disks/d14/2011/MOD13Q1.A2011273.h13v10.005.2011292203115.hdf,62400,67199,48000,52799,11273,273,2011
/disks/d14/2011/MOD13Q1.A2011273.h13v11.005.2011292203156.hdf,62400,67199,52800,57599,11273,273,2011
/disks/d14/2011/MOD13Q1.A2011273.h13v12.005.2011292204157.hdf,62400,67199,57600,62399,11273,273,2011
/disks/d14/2011/MOD13Q1.A2011273.h13v13.005.2011292204509.hdf,62400,67199,62400,67199,11273,273,2011
/disks/d14/2011/MOD13Q1.A2011273.h13v14.005.2011292205538.hdf,62400,67199,67200,71999,11273,273,2011
/disks/d14/2011/MOD13Q1.A2011273.h14v09.005.2011292201610.hdf,67200,71999,43200,47999,11273,273,2011
/disks/d14/2011/MOD13Q1.A2011273.h14v10.005.2011292201952.hdf,67200,71999,48000,52799,11273,273,2011
/disks/d14/2011/MOD13Q1.A2011273.h14v11.005.2011292201912.hdf,67200,71999,52800,57599,11273,273,2011
/disks/d14/2011/MOD13Q1.A2011289.h09v07.005.2011307184509.hdf,43200,47999,33600,38399,11289,289,2011
/disks/d14/2011/MOD13Q1.A2011289.h09v08.005.2011307184846.hdf,43200,47999,38400,43199,11289,289,2011
/disks/d14/2011/MOD13Q1.A2011289.h09v09.005.2011307184752.hdf,43200,47999,43200,47999,11289,289,2011
/disks/d14/2011/MOD13Q1.A2011289.h10v07.005.2011307184302.hdf,48000,52799,33600,38399,11289,289,2011
/disks/d14/2011/MOD13Q1.A2011289.h10v08.005.2011307192607.hdf,48000,52799,38400,43199,11289,289,2011
/disks/d14/2011/MOD13Q1.A2011289.h10v09.005.2011307190327.hdf,48000,52799,43200,47999,11289,289,2011
/disks/d14/2011/MOD13Q1.A2011289.h10v10.005.2011307184746.hdf,48000,52799,48000,52799,11289,289,2011
/disks/d14/2011/MOD13Q1.A2011289.h10v11.005.2011307184840.hdf,48000,52799,52800,57599,11289,289,2011
/disks/d14/2011/MOD13Q1.A2011289.h11v07.005.2011307190359.hdf,52800,57599,33600,38399,11289,289,2011
/disks/d14/2011/MOD13Q1.A2011289.h11v08.005.2011307190026.hdf,52800,57599,38400,43199,11289,289,2011
/disks/d14/2011/MOD13Q1.A2011289.h11v09.005.2011307183923.hdf,52800,57599,43200,47999,11289,289,2011
/disks/d14/2011/MOD13Q1.A2011289.h11v10.005.2011307183918.hdf,52800,57599,48000,52799,11289,289,2011
/disks/d14/2011/MOD13Q1.A2011289.h11v11.005.2011307191224.hdf,52800,57599,52800,57599,11289,289,2011
/disks/d14/2011/MOD13Q1.A2011289.h11v12.005.2011307190535.hdf,52800,57599,57600,62399,11289,289,2011
/disks/d14/2011/MOD13Q1.A2011289.h12v07.005.2011307191804.hdf,57600,62399,33600,38399,11289,289,2011
/disks/d14/2011/MOD13Q1.A2011289.h12v08.005.2011307191714.hdf,57600,62399,38400,43199,11289,289,2011
/disks/d14/2011/MOD13Q1.A2011289.h12v09.005.2011307193059.hdf,57600,62399,43200,47999,11289,289,2011
/disks/d14/2011/MOD13Q1.A2011289.h12v10.005.2011307192805.hdf,57600,62399,48000,52799,11289,289,2011
/disks/d14/2011/MOD13Q1.A2011289.h12v11.005.2011307195041.hdf,57600,62399,52800,57599,11289,289,2011
/disks/d14/2011/MOD13Q1.A2011289.h12v12.005.2011307194654.hdf,57600,62399,57600,62399,11289,289,2011
/disks/d14/2011/MOD13Q1.A2011289.h12v13.005.2011307200817.hdf,57600,62399,62400,67199,11289,289,2011
/disks/d14/2011/MOD13Q1.A2011289.h13v08.005.2011307192707.hdf,62400,67199,38400,43199,11289,289,2011
/disks/d14/2011/MOD13Q1.A2011289.h13v09.005.2011307193542.hdf,62400,67199,43200,47999,11289,289,2011
/disks/d14/2011/MOD13Q1.A2011289.h13v10.005.2011307194008.hdf,62400,67199,48000,52799,11289,289,2011
/disks/d14/2011/MOD13Q1.A2011289.h13v11.005.2011307194159.hdf,62400,67199,52800,57599,11289,289,2011
/disks/d14/2011/MOD13Q1.A2011289.h13v12.005.2011307200037.hdf,62400,67199,57600,62399,11289,289,2011
/disks/d14/2011/MOD13Q1.A2011289.h13v13.005.2011307195621.hdf,62400,67199,62400,67199,11289,289,2011
/disks/d14/2011/MOD13Q1.A2011289.h13v14.005.2011307211848.hdf,62400,67199,67200,71999,11289,289,2011
/disks/d14/2011/MOD13Q1.A2011289.h14v09.005.2011307192951.hdf,67200,71999,43200,47999,11289,289,2011
/disks/d14/2011/MOD13Q1.A2011289.h14v10.005.2011307200412.hdf,67200,71999,48000,52799,11289,289,2011
/disks/d14/2011/MOD13Q1.A2011289.h14v11.005.2011307194426.hdf,67200,71999,52800,57599,11289,289,2011
/disks/d14/2011/MOD13Q1.A2011305.h09v07.005.2011322125032.hdf,43200,47999,33600,38399,11305,305,2011
/disks/d14/2011/MOD13Q1.A2011305.h09v08.005.2011322124739.hdf,43200,47999,38400,43199,11305,305,2011
/disks/d14/2011/MOD13Q1.A2011305.h09v09.005.2011322125741.hdf,43200,47999,43200,47999,11305,305,2011
/disks/d14/2011/MOD13Q1.A2011305.h10v07.005.2011322125254.hdf,48000,52799,33600,38399,11305,305,2011
/disks/d14/2011/MOD13Q1.A2011305.h10v08.005.2011322125606.hdf,48000,52799,38400,43199,11305,305,2011
/disks/d14/2011/MOD13Q1.A2011305.h10v09.005.2011322125920.hdf,48000,52799,43200,47999,11305,305,2011
/disks/d14/2011/MOD13Q1.A2011305.h10v10.005.2011322125954.hdf,48000,52799,48000,52799,11305,305,2011
/disks/d14/2011/MOD13Q1.A2011305.h10v11.005.2011322124517.hdf,48000,52799,52800,57599,11305,305,2011
/disks/d14/2011/MOD13Q1.A2011305.h11v07.005.2011322125447.hdf,52800,57599,33600,38399,11305,305,2011
/disks/d14/2011/MOD13Q1.A2011305.h11v08.005.2011322125450.hdf,52800,57599,38400,43199,11305,305,2011
/disks/d14/2011/MOD13Q1.A2011305.h11v09.005.2011322125909.hdf,52800,57599,43200,47999,11305,305,2011
/disks/d14/2011/MOD13Q1.A2011305.h11v10.005.2011322130246.hdf,52800,57599,48000,52799,11305,305,2011
/disks/d14/2011/MOD13Q1.A2011305.h11v11.005.2011322130905.hdf,52800,57599,52800,57599,11305,305,2011
/disks/d14/2011/MOD13Q1.A2011305.h11v12.005.2011322124134.hdf,52800,57599,57600,62399,11305,305,2011
/disks/d14/2011/MOD13Q1.A2011305.h12v07.005.2011322131949.hdf,57600,62399,33600,38399,11305,305,2011
/disks/d14/2011/MOD13Q1.A2011305.h12v08.005.2011322130151.hdf,57600,62399,38400,43199,11305,305,2011
/disks/d14/2011/MOD13Q1.A2011305.h12v09.005.2011322130422.hdf,57600,62399,43200,47999,11305,305,2011
/disks/d14/2011/MOD13Q1.A2011305.h12v10.005.2011322133336.hdf,57600,62399,48000,52799,11305,305,2011
/disks/d14/2011/MOD13Q1.A2011305.h12v11.005.2011322131849.hdf,57600,62399,52800,57599,11305,305,2011
/disks/d14/2011/MOD13Q1.A2011305.h12v12.005.2011322131524.hdf,57600,62399,57600,62399,11305,305,2011
/disks/d14/2011/MOD13Q1.A2011305.h12v13.005.2011322131743.hdf,57600,62399,62400,67199,11305,305,2011
/disks/d14/2011/MOD13Q1.A2011305.h13v08.005.2011322130813.hdf,62400,67199,38400,43199,11305,305,2011
/disks/d14/2011/MOD13Q1.A2011305.h13v09.005.2011322125949.hdf,62400,67199,43200,47999,11305,305,2011
/disks/d14/2011/MOD13Q1.A2011305.h13v10.005.2011322125840.hdf,62400,67199,48000,52799,11305,305,2011
/disks/d14/2011/MOD13Q1.A2011305.h13v11.005.2011322132034.hdf,62400,67199,52800,57599,11305,305,2011
/disks/d14/2011/MOD13Q1.A2011305.h13v12.005.2011322140959.hdf,62400,67199,57600,62399,11305,305,2011
/disks/d14/2011/MOD13Q1.A2011305.h13v13.005.2011322141243.hdf,62400,67199,62400,67199,11305,305,2011
/disks/d14/2011/MOD13Q1.A2011305.h13v14.005.2011322131329.hdf,62400,67199,67200,71999,11305,305,2011
/disks/d14/2011/MOD13Q1.A2011305.h14v09.005.2011322131156.hdf,67200,71999,43200,47999,11305,305,2011
/disks/d14/2011/MOD13Q1.A2011305.h14v10.005.2011322130640.hdf,67200,71999,48000,52799,11305,305,2011
/disks/d14/2011/MOD13Q1.A2011305.h14v11.005.2011322130631.hdf,67200,71999,52800,57599,11305,305,2011
/disks/d14/2011/MOD13Q1.A2011321.h09v07.005.2011340184942.hdf,43200,47999,33600,38399,11321,321,2011
/disks/d14/2011/MOD13Q1.A2011321.h09v08.005.2011340194414.hdf,43200,47999,38400,43199,11321,321,2011
/disks/d14/2011/MOD13Q1.A2011321.h09v09.005.2011340185041.hdf,43200,47999,43200,47999,11321,321,2011
/disks/d14/2011/MOD13Q1.A2011321.h10v07.005.2011340184631.hdf,48000,52799,33600,38399,11321,321,2011
/disks/d14/2011/MOD13Q1.A2011321.h10v08.005.2011340200836.hdf,48000,52799,38400,43199,11321,321,2011
/disks/d14/2011/MOD13Q1.A2011321.h10v09.005.2011340185921.hdf,48000,52799,43200,47999,11321,321,2011
/disks/d14/2011/MOD13Q1.A2011321.h10v10.005.2011340200424.hdf,48000,52799,48000,52799,11321,321,2011
/disks/d14/2011/MOD13Q1.A2011321.h10v11.005.2011340200031.hdf,48000,52799,52800,57599,11321,321,2011
/disks/d14/2011/MOD13Q1.A2011321.h11v07.005.2011340195417.hdf,52800,57599,33600,38399,11321,321,2011
/disks/d14/2011/MOD13Q1.A2011321.h11v08.005.2011340201404.hdf,52800,57599,38400,43199,11321,321,2011
/disks/d14/2011/MOD13Q1.A2011321.h11v09.005.2011340200618.hdf,52800,57599,43200,47999,11321,321,2011
/disks/d14/2011/MOD13Q1.A2011321.h11v10.005.2011340185215.hdf,52800,57599,48000,52799,11321,321,2011
/disks/d14/2011/MOD13Q1.A2011321.h11v11.005.2011340185741.hdf,52800,57599,52800,57599,11321,321,2011
/disks/d14/2011/MOD13Q1.A2011321.h11v12.005.2011340195905.hdf,52800,57599,57600,62399,11321,321,2011
/disks/d14/2011/MOD13Q1.A2011321.h12v07.005.2011340195926.hdf,57600,62399,33600,38399,11321,321,2011
/disks/d14/2011/MOD13Q1.A2011321.h12v08.005.2011340195920.hdf,57600,62399,38400,43199,11321,321,2011
/disks/d14/2011/MOD13Q1.A2011321.h12v09.005.2011340200214.hdf,57600,62399,43200,47999,11321,321,2011
/disks/d14/2011/MOD13Q1.A2011321.h12v10.005.2011340200650.hdf,57600,62399,48000,52799,11321,321,2011
/disks/d14/2011/MOD13Q1.A2011321.h12v11.005.2011340190356.hdf,57600,62399,52800,57599,11321,321,2011
/disks/d14/2011/MOD13Q1.A2011321.h12v12.005.2011340190715.hdf,57600,62399,57600,62399,11321,321,2011
/disks/d14/2011/MOD13Q1.A2011321.h12v13.005.2011340200530.hdf,57600,62399,62400,67199,11321,321,2011
/disks/d14/2011/MOD13Q1.A2011321.h13v08.005.2011340184954.hdf,62400,67199,38400,43199,11321,321,2011
/disks/d14/2011/MOD13Q1.A2011321.h13v09.005.2011340185853.hdf,62400,67199,43200,47999,11321,321,2011
/disks/d14/2011/MOD13Q1.A2011321.h13v10.005.2011340190134.hdf,62400,67199,48000,52799,11321,321,2011
/disks/d14/2011/MOD13Q1.A2011321.h13v11.005.2011340201214.hdf,62400,67199,52800,57599,11321,321,2011
/disks/d14/2011/MOD13Q1.A2011321.h13v12.005.2011340200931.hdf,62400,67199,57600,62399,11321,321,2011
/disks/d14/2011/MOD13Q1.A2011321.h13v13.005.2011340201236.hdf,62400,67199,62400,67199,11321,321,2011
/disks/d14/2011/MOD13Q1.A2011321.h13v14.005.2011340201346.hdf,62400,67199,67200,71999,11321,321,2011
/disks/d14/2011/MOD13Q1.A2011321.h14v09.005.2011340195628.hdf,67200,71999,43200,47999,11321,321,2011
/disks/d14/2011/MOD13Q1.A2011321.h14v10.005.2011340200049.hdf,67200,71999,48000,52799,11321,321,2011
/disks/d14/2011/MOD13Q1.A2011321.h14v11.005.2011340195727.hdf,67200,71999,52800,57599,11321,321,2011
/disks/d14/2011/MOD13Q1.A2011337.h09v07.005.2011354013248.hdf,43200,47999,33600,38399,11337,337,2011
/disks/d14/2011/MOD13Q1.A2011337.h09v08.005.2011354013911.hdf,43200,47999,38400,43199,11337,337,2011
/disks/d14/2011/MOD13Q1.A2011337.h09v09.005.2011354014028.hdf,43200,47999,43200,47999,11337,337,2011
/disks/d14/2011/MOD13Q1.A2011337.h10v07.005.2011354014814.hdf,48000,52799,33600,38399,11337,337,2011
/disks/d14/2011/MOD13Q1.A2011337.h10v08.005.2011354014241.hdf,48000,52799,38400,43199,11337,337,2011
/disks/d14/2011/MOD13Q1.A2011337.h10v09.005.2011354014907.hdf,48000,52799,43200,47999,11337,337,2011
/disks/d14/2011/MOD13Q1.A2011337.h10v10.005.2011354013831.hdf,48000,52799,48000,52799,11337,337,2011
/disks/d14/2011/MOD13Q1.A2011337.h10v11.005.2011354014039.hdf,48000,52799,52800,57599,11337,337,2011
/disks/d14/2011/MOD13Q1.A2011337.h11v07.005.2011354015643.hdf,52800,57599,33600,38399,11337,337,2011
/disks/d14/2011/MOD13Q1.A2011337.h11v08.005.2011354013649.hdf,52800,57599,38400,43199,11337,337,2011
/disks/d14/2011/MOD13Q1.A2011337.h11v09.005.2011354014327.hdf,52800,57599,43200,47999,11337,337,2011
/disks/d14/2011/MOD13Q1.A2011337.h11v10.005.2011354013909.hdf,52800,57599,48000,52799,11337,337,2011
/disks/d14/2011/MOD13Q1.A2011337.h11v11.005.2011354014408.hdf,52800,57599,52800,57599,11337,337,2011
/disks/d14/2011/MOD13Q1.A2011337.h11v12.005.2011354014542.hdf,52800,57599,57600,62399,11337,337,2011
/disks/d14/2011/MOD13Q1.A2011337.h12v07.005.2011354014353.hdf,57600,62399,33600,38399,11337,337,2011
/disks/d14/2011/MOD13Q1.A2011337.h12v08.005.2011354014442.hdf,57600,62399,38400,43199,11337,337,2011
/disks/d14/2011/MOD13Q1.A2011337.h12v09.005.2011354014816.hdf,57600,62399,43200,47999,11337,337,2011
/disks/d14/2011/MOD13Q1.A2011337.h12v10.005.2011354014110.hdf,57600,62399,48000,52799,11337,337,2011
/disks/d14/2011/MOD13Q1.A2011337.h12v11.005.2011354015138.hdf,57600,62399,52800,57599,11337,337,2011
/disks/d14/2011/MOD13Q1.A2011337.h12v12.005.2011354015029.hdf,57600,62399,57600,62399,11337,337,2011
/disks/d14/2011/MOD13Q1.A2011337.h12v13.005.2011354020321.hdf,57600,62399,62400,67199,11337,337,2011
/disks/d14/2011/MOD13Q1.A2011337.h13v08.005.2011354013339.hdf,62400,67199,38400,43199,11337,337,2011
/disks/d14/2011/MOD13Q1.A2011337.h13v09.005.2011354013849.hdf,62400,67199,43200,47999,11337,337,2011
/disks/d14/2011/MOD13Q1.A2011337.h13v10.005.2011354014117.hdf,62400,67199,48000,52799,11337,337,2011
/disks/d14/2011/MOD13Q1.A2011337.h13v11.005.2011354014843.hdf,62400,67199,52800,57599,11337,337,2011
/disks/d14/2011/MOD13Q1.A2011337.h13v12.005.2011354015900.hdf,62400,67199,57600,62399,11337,337,2011
/disks/d14/2011/MOD13Q1.A2011337.h13v13.005.2011354020009.hdf,62400,67199,62400,67199,11337,337,2011
/disks/d14/2011/MOD13Q1.A2011337.h13v14.005.2011354020032.hdf,62400,67199,67200,71999,11337,337,2011
/disks/d14/2011/MOD13Q1.A2011337.h14v09.005.2011354013905.hdf,67200,71999,43200,47999,11337,337,2011
/disks/d14/2011/MOD13Q1.A2011337.h14v10.005.2011354013752.hdf,67200,71999,48000,52799,11337,337,2011
/disks/d14/2011/MOD13Q1.A2011337.h14v11.005.2011354014441.hdf,67200,71999,52800,57599,11337,337,2011
/disks/d14/2011/MOD13Q1.A2011353.h09v07.005.2012005012443.hdf,43200,47999,33600,38399,11353,353,2011
/disks/d14/2011/MOD13Q1.A2011353.h09v08.005.2012005011531.hdf,43200,47999,38400,43199,11353,353,2011
/disks/d14/2011/MOD13Q1.A2011353.h09v09.005.2012005011631.hdf,43200,47999,43200,47999,11353,353,2011
/disks/d14/2011/MOD13Q1.A2011353.h10v07.005.2012005015652.hdf,48000,52799,33600,38399,11353,353,2011
/disks/d14/2011/MOD13Q1.A2011353.h10v08.005.2012005020110.hdf,48000,52799,38400,43199,11353,353,2011
/disks/d14/2011/MOD13Q1.A2011353.h10v09.005.2012005020450.hdf,48000,52799,43200,47999,11353,353,2011
/disks/d14/2011/MOD13Q1.A2011353.h10v10.005.2012005012000.hdf,48000,52799,48000,52799,11353,353,2011
/disks/d14/2011/MOD13Q1.A2011353.h10v11.005.2012005013634.hdf,48000,52799,52800,57599,11353,353,2011
/disks/d14/2011/MOD13Q1.A2011353.h11v07.005.2012005012054.hdf,52800,57599,33600,38399,11353,353,2011
/disks/d14/2011/MOD13Q1.A2011353.h11v08.005.2012005012715.hdf,52800,57599,38400,43199,11353,353,2011
/disks/d14/2011/MOD13Q1.A2011353.h11v09.005.2012005012720.hdf,52800,57599,43200,47999,11353,353,2011
/disks/d14/2011/MOD13Q1.A2011353.h11v10.005.2012005012458.hdf,52800,57599,48000,52799,11353,353,2011
/disks/d14/2011/MOD13Q1.A2011353.h11v11.005.2012005012624.hdf,52800,57599,52800,57599,11353,353,2011
/disks/d14/2011/MOD13Q1.A2011353.h11v12.005.2012005013451.hdf,52800,57599,57600,62399,11353,353,2011
/disks/d14/2011/MOD13Q1.A2011353.h12v07.005.2012005012016.hdf,57600,62399,33600,38399,11353,353,2011
/disks/d14/2011/MOD13Q1.A2011353.h12v08.005.2012005012206.hdf,57600,62399,38400,43199,11353,353,2011
/disks/d14/2011/MOD13Q1.A2011353.h12v09.005.2012005012408.hdf,57600,62399,43200,47999,11353,353,2011
/disks/d14/2011/MOD13Q1.A2011353.h12v10.005.2012005012744.hdf,57600,62399,48000,52799,11353,353,2011
/disks/d14/2011/MOD13Q1.A2011353.h12v11.005.2012005013117.hdf,57600,62399,52800,57599,11353,353,2011
/disks/d14/2011/MOD13Q1.A2011353.h12v12.005.2012005012728.hdf,57600,62399,57600,62399,11353,353,2011
/disks/d14/2011/MOD13Q1.A2011353.h12v13.005.2012005012257.hdf,57600,62399,62400,67199,11353,353,2011
/disks/d14/2011/MOD13Q1.A2011353.h13v08.005.2012005011443.hdf,62400,67199,38400,43199,11353,353,2011
/disks/d14/2011/MOD13Q1.A2011353.h13v09.005.2012005012431.hdf,62400,67199,43200,47999,11353,353,2011
/disks/d14/2011/MOD13Q1.A2011353.h13v10.005.2012005012456.hdf,62400,67199,48000,52799,11353,353,2011
/disks/d14/2011/MOD13Q1.A2011353.h13v11.005.2012005014535.hdf,62400,67199,52800,57599,11353,353,2011
/disks/d14/2011/MOD13Q1.A2011353.h13v12.005.2012005015305.hdf,62400,67199,57600,62399,11353,353,2011
/disks/d14/2011/MOD13Q1.A2011353.h13v13.005.2012005021420.hdf,62400,67199,62400,67199,11353,353,2011
/disks/d14/2011/MOD13Q1.A2011353.h13v14.005.2012005021434.hdf,62400,67199,67200,71999,11353,353,2011
/disks/d14/2011/MOD13Q1.A2011353.h14v09.005.2012005011725.hdf,67200,71999,43200,47999,11353,353,2011
/disks/d14/2011/MOD13Q1.A2011353.h14v10.005.2012005011941.hdf,67200,71999,48000,52799,11353,353,2011
/disks/d14/2011/MOD13Q1.A2011353.h14v11.005.2012005011724.hdf,67200,71999,52800,57599,11353,353,2011
